trade_id,portfolio,counterparty,typology,asset_class,currency,notional,trade_date,maturity_date,market_value,past_cash,future_cash,settled_cash,pnl,dv01_par,dv01_zero,eq_delta,fx_delta,vega
MX00001,FLOW_IR_EUR,HSBC,IRS,IR,EUR,72504597,2024-04-15,2027-04-15,16164.89,88388.46,-691587.31,251034.11,-587033.96,18.93,19.55,0,0,0
MX00002,FLOW_IR_EUR,BARCLAYS,IRS,IR,GBP,134927242,2024-02-15,2027-12-15,37334577.73,98097.92,549610.69,273273.32,37982286.34,1193.2,1230.93,0,0,0
MX00003,FLOW_IR_GBP,JPMORGAN,IRS,IR,USD,22165015,2024-03-15,2027-09-15,-1557705.68,20815.75,-156937.54,17795.49,-1693827.47,-373.82,-385.62,0,0,0
MX00004,FLOW_IR_USD,HSBC,IRS,IR,EUR,39306384,2024-12-15,2027-11-15,3581749.52,36362.58,385850.86,652.92,4003962.96,365.1,376.89,0,0,0
MX00005,FLOW_IR_USD,BARCLAYS,IRS,IR,GBP,22675293,2024-06-15,2027-02-15,4992957.97,1141.97,17808.41,41224.31,5011908.35,545.86,563.64,0,0,0
MX00006,FLOW_IR_EUR,BARCLAYS,IRS,IR,GBP,99279109,2024-07-15,2027-04-15,-28782599.48,169944.25,2872.81,405885.24,-28609782.42,-1555.43,-1604.6,0,0,0
MX00007,FLOW_IR_USD,JPMORGAN,IRS,IR,GBP,204618612,2024-01-15,2027-05-15,282421016.53,605962.01,1679000.72,890517.32,284705979.26,5187.32,5352.29,0,0,0
MX00008,FLOW_IR_USD,HSBC,IRS,IR,GBP,113991976,2024-11-15,2027-05-15,39084067.68,85825.86,-478861.09,534705.31,38691032.45,1028.43,1061.52,0,0,0
MX00009,FLOW_IR_EUR,HSBC,IRS,IR,USD,149251860,2024-01-15,2027-09-15,-228562890.92,74221.31,-557760.52,659004.5,-229046430.13,-3552.03,-3669.57,0,0,0
MX00010,FLOW_IR_EUR,BARCLAYS,IRS,IR,USD,155061359,2024-04-15,2027-02-15,-304771165.24,375254.04,-1499603.19,774887.58,-305895514.39,-4162.16,-4300.87,0,0,0
MX00011,FLOW_IR_USD,JPMORGAN,IRS,IR,GBP,123636837,2024-04-15,2027-05-15,93419265.71,279811.37,495810.29,249650.27,94194887.37,1954.71,2018.58,0,0,0
MX00012,FLOW_IR_USD,JPMORGAN,IRS,IR,EUR,130829980,2024-10-15,2027-10-15,195932418.38,22160.72,263394.51,587926.74,196217973.61,4877.84,5034.72,0,0,0
MX00013,FLOW_IR_GBP,HSBC,IRS,IR,GBP,183571483,2024-08-15,2027-08-15,-201853514.12,543053.69,-1307414.8,899893.14,-202617875.23,-4763.45,-4913.86,0,0,0
MX00014,FLOW_IR_EUR,HSBC,IRS,IR,USD,159739132,2024-10-15,2027-01-15,-300453679.62,225581.36,-1186646.21,122052.33,-301414744.47,-4086.8,-4222.57,0,0,0
MX00015,FLOW_IR_GBP,BARCLAYS,IRS,IR,USD,165385642,2024-04-15,2027-11-15,-15073407.9,108347.82,-238985.37,531616.86,-15204045.45,-419.48,-432.81,0,0,0
MX00016,FLOW_IR_GBP,JPMORGAN,IRS,IR,GBP,50475962,2024-08-15,2027-12-15,39635032.5,119320.6,70930.9,121310.5,39825284,1882.17,1943.97,0,0,0
MX00017,FLOW_IR_EUR,HSBC,IRS,IR,GBP,146792560,2024-03-15,2027-09-15,46043841.65,185444.44,-565847.29,621532.01,45663438.8,1365.56,1408.71,0,0,0
MX00018,FLOW_IR_GBP,HSBC,IRS,IR,USD,60754664,2024-03-15,2027-09-15,10786174.85,37451.97,-456292.69,61047.86,10367334.13,406.37,419.44,0,0,0
MX00019,FLOW_IR_USD,BARCLAYS,IRS,IR,USD,195212160,2024-09-15,2027-01-15,-374433931.52,527500.73,-2421.38,344672.7,-373908852.17,-7380.38,-7615.65,0,0,0
MX00020,FLOW_IR_USD,BARCLAYS,IRS,IR,EUR,203746575,2024-05-15,2027-04-15,-393953368.84,47765.57,-1978174.47,406702.59,-395883777.74,-7954.35,-8206.52,0,0,0
MX00021,FLOW_IR_GBP,JPMORGAN,IRS,IR,EUR,146621260,2024-10-15,2027-11-15,-19154375.82,222176.92,1218815.89,271948.96,-17713383.01,-355.69,-367.41,0,0,0
MX00022,FLOW_IR_EUR,HSBC,IRS,IR,EUR,34257011,2024-06-15,2027-09-15,-6420793.19,67371.92,101796.44,53558.48,-6251624.83,-605.61,-625.3,0,0,0
MX00023,FLOW_IR_GBP,JPMORGAN,IRS,IR,GBP,36225581,2024-03-15,2027-05-15,-10874429.77,9576.12,-19415.11,37850.19,-10884268.76,-1030.18,-1063.22,0,0,0
MX00024,FLOW_IR_GBP,BARCLAYS,IRS,IR,USD,168096309,2024-10-15,2027-10-15,30413277.13,292287.34,1560527.84,814407.73,32266092.31,613.94,633.77,0,0,0
MX00025,FLOW_IR_USD,HSBC,IRS,IR,USD,110560206,2024-07-15,2027-05-15,-46310949.03,179610.77,-224785.32,486764.22,-46356123.58,-1749.68,-1805.15,0,0,0
MX00026,FLOW_IR_EUR,HSBC,IRS,IR,USD,119192439,2024-04-15,2027-02-15,-130087.19,81469.7,-815465.09,22030.97,-864082.58,-189.49,-195.48,0,0,0
MX00027,FLOW_IR_USD,BARCLAYS,IRS,IR,USD,69987386,2024-09-15,2027-10-15,-22573865.08,175884.11,-603725.85,282501.16,-23001706.82,-1560.19,-1609.24,0,0,0
MX00028,FLOW_IR_USD,HSBC,IRS,IR,USD,192394848,2024-06-15,2027-07-15,324040841.71,155638.32,-1404726.12,116610.11,322791753.91,3856.32,3983.41,0,0,0
MX00029,FLOW_IR_EUR,JPMORGAN,IRS,IR,GBP,42868882,2024-06-15,2027-09-15,8948001.67,89225.17,338690.89,121319.41,9375917.73,815.84,841.72,0,0,0
MX00030,FLOW_IR_GBP,BARCLAYS,IRS,IR,USD,97395680,2024-06-15,2027-08-15,-48510211.01,114862.16,299983.39,251472.52,-48095365.46,-1412.42,-1458.14,0,0,0
MX00031,EQ_VOL_EU,GOLDMAN_SACHS,EQ_Option,EQ,USD,39172747,2024-10-15,2027-04-15,528383.02,1944.33,-123764.38,104647.46,406562.97,0,0,8359007.28,0,63218.16
MX00032,EQ_VOL_EU,GOLDMAN_SACHS,FX_Barrier_Option,FX,EUR,22513450,2024-03-15,2027-04-15,1847475.9,28112.98,-186784.94,53342.7,1688803.94,0,0,0,786508.62,25471.8
MX00033,FLOW_FX_G10,CITIBANK,FX_Option,EQ,EUR,39672881,2024-10-15,2027-01-15,2419926.93,47092.95,-265422.23,184590.54,2201597.65,0,0,5665986.43,0,74252.08
MX00034,EQ_VOL_EU,UBS,FX_Option,FX,EUR,54465606,2024-04-15,2027-01-15,1183812.8,103644.15,-456594.28,162802.51,830862.67,0,0,0,-3232611.56,62719.33
MX00035,EQ_VOL_EU,GOLDMAN_SACHS,EQ_Option,FX,USD,36599613,2024-07-15,2027-08-15,2294066.94,78885.95,-304843.65,82633.08,2068109.24,0,0,0,1855870.08,40039.77
MX00036,EQ_VOL_EU,UBS,FX_Option,EQ,EUR,45262874,2024-12-15,2027-11-15,1062082.45,50737.16,-36384.52,153958.39,1076435.09,0,0,-5984113.83,0,41903.39
MX00037,EQ_VOL_EU,CITIBANK,FX_Option,EQ,EUR,20812091,2024-05-15,2027-10-15,1027812.36,21346.45,-169395.71,80358.63,879763.1,0,0,2219824.49,0,12957.39
MX00038,FLOW_FX_G10,CITIBANK,FX_Barrier_Option,FX,EUR,54782947,2024-07-15,2027-08-15,4485016.63,77419.9,-123317.35,200204.51,4439119.18,0,0,0,-3764615.37,100183.73
MX00039,EQ_VOL_EU,UBS,FX_Option,EQ,EUR,48789365,2024-11-15,2027-07-15,-410249.15,5148.27,-293840.6,76718.32,-698941.48,0,0,-2745427.15,0,82585.73
MX00040,EQ_VOL_EU,UBS,EQ_Option,FX,EUR,15146618,2024-05-15,2027-10-15,441510.69,18828.11,-90473.57,12095.84,369865.23,0,0,0,1662730.44,20516.29
MX00041,FLOW_FX_G10,GOLDMAN_SACHS,FX_Option,EQ,USD,7623793,2024-10-15,2027-06-15,130843.59,14404.91,20475.48,10763.78,165723.98,0,0,1353287.03,0,7009.58
MX00042,FLOW_FX_G10,CITIBANK,FX_Option,EQ,USD,25270038,2024-10-15,2027-11-15,-440534.87,32853.45,248481.04,76676.34,-159200.38,0,0,1993214.76,0,17589.74
MX00043,EQ_VOL_EU,GOLDMAN_SACHS,FX_Option,EQ,USD,7116963,2024-11-15,2027-11-15,77181.98,14954.6,37414.58,29010.05,129551.16,0,0,1298308.66,0,10586.23
MX00044,FLOW_FX_G10,UBS,EQ_Option,EQ,USD,49823883,2024-11-15,2027-03-15,1952510.09,43858.83,304857.67,130656.48,2301226.59,0,0,4020699.9,0,32547.05
MX00045,EQ_VOL_EU,UBS,FX_Option,EQ,EUR,53628433,2024-08-15,2027-12-15,-483547.8,21186.37,-420579.45,35628.2,-882940.88,0,0,7676633.59,0,72077.11
MX00046,FLOW_FX_G10,GOLDMAN_SACHS,EQ_Option,FX,USD,43677932,2024-08-15,2027-11-15,-881760.68,53570.9,91636.93,89865.85,-736552.85,0,0,0,1420880.12,21068.12
MX00047,FLOW_FX_G10,UBS,EQ_Option,EQ,USD,22103036,2024-11-15,2027-08-15,1019075.1,36901.59,70697.17,75205.26,1126673.86,0,0,-4683330.11,0,35228.84
MX00048,EQ_VOL_EU,GOLDMAN_SACHS,EQ_Option,FX,USD,52292962,2024-05-15,2027-08-15,2097227.4,151858.41,-81412.76,258759.13,2167673.05,0,0,0,-4584702.54,94284.03
MX00049,EQ_VOL_EU,UBS,FX_Barrier_Option,EQ,USD,39870711,2024-12-15,2027-11-15,1818478.85,65856.82,75189.51,181262.63,1959525.18,0,0,-6382750.31,0,41541.49
MX00050,EQ_VOL_EU,UBS,FX_Barrier_Option,FX,USD,44827356,2024-07-15,2027-09-15,3099583.31,111068,104144.83,83252.68,3314796.14,0,0,0,5757337.81,75408.28
MX00051,FLOW_IR_EUR,HSBC,IRS,IR,GBP,63264817,2024-06-15,2027-03-15,1549734.4,19699.99,-613388.4,56303.13,956045.99,-763.5,-786.4,0,0,0
MX00052,FLOW_IR_GBP,HSBC,IRS,IR,GBP,60277494,2024-06-15,2027-10-15,1963189.57,107758.99,-164386.19,18967.67,1906562.37,-1317.08,-1356.59,0,0,0
MX00053,FLOW_IR_EUR,BARCLAYS,Bond_Forward,IR,GBP,49157310,2024-05-15,2027-04-15,381673.9,57929.12,249464.61,96214.16,689067.63,-1654.08,-1703.7,0,0,0
MX00054,FLOW_IR_EUR,HSBC,Bond,IR,GBP,71978719,2024-11-15,2027-08-15,-1057193.64,152101.63,94689.95,282196.14,-810402.06,-752.89,-775.48,0,0,0
MX00055,FLOW_IR_EUR,NATWEST,IRS,IR,GBP,71266070,2024-10-15,2027-07-15,1198157.91,86455.34,194171.81,278032.06,1478785.06,1794.49,1848.32,0,0,0
MX00056,FLOW_IR_EUR,NATWEST,Bond_Forward,IR,GBP,73708389,2024-10-15,2027-12-15,2129664.99,17150.98,344767.57,185031.76,2491583.54,1885.94,1942.52,0,0,0
MX00057,FLOW_IR_EUR,HSBC,IRS,IR,GBP,48223928,2024-05-15,2027-04-15,787400.61,35018.4,125990.76,156737.5,948409.77,352.89,363.48,0,0,0
MX00058,FLOW_IR_EUR,HSBC,IRS,IR,GBP,80253574,2024-01-15,2027-04-15,-1897548.79,18859.85,-532234.89,257863.81,-2410923.83,1455.42,1499.08,0,0,0
MX00059,FLOW_IR_EUR,BARCLAYS,Bond,IR,GBP,75002067,2024-11-15,2027-08-15,1986034.81,28490.58,98461.44,5918.14,2112986.83,931.23,959.17,0,0,0
MX00060,FLOW_IR_GBP,BARCLAYS,Bond,IR,GBP,80772328,2024-09-15,2027-08-15,-610959.06,162307.9,383010.47,183068.48,-65640.69,-404.65,-416.79,0,0,0
MX00061,FLOW_IR_GBP,BARCLAYS,IRS,IR,GBP,21541306,2024-11-15,2027-04-15,-240399.54,44027.11,-154884.54,18163.63,-351256.97,-80.11,-82.51,0,0,0
MX00062,FLOW_IR_EUR,NATWEST,Bond,IR,GBP,20607073,2024-01-15,2027-08-15,-265888.32,56358.31,30821.13,74323.37,-178708.88,-560.86,-577.69,0,0,0
MX00063,FLOW_IR_GBP,BARCLAYS,IRS,IR,GBP,103038622,2024-07-15,2027-12-15,2913978.85,214360.69,-569284.96,79818.66,2559054.58,2373.09,2444.28,0,0,0
MX00064,FLOW_IR_EUR,NATWEST,Bond_Forward,IR,GBP,42577391,2024-07-15,2027-06-15,2434258.53,52390.51,-216915.02,193391.6,2269734.02,1027.42,1058.24,0,0,0
MX00065,FLOW_IR_EUR,NATWEST,Bond,IR,GBP,18274553,2024-12-15,2027-01-15,140017.12,19497.98,-26194.01,29343.82,133321.09,-683.02,-703.51,0,0,0
MX00066,FLOW_FX_G10,DEUTSCHE_BANK,COM_Swap,COM,GBP,17647811,2024-04-15,2027-06-15,1021314.97,12525.07,-121127.62,39800.03,912712.42,0,0,0,0,0
MX00067,COM_ENERGY,DEUTSCHE_BANK,FX_Forward,COM,GBP,18486681,2024-04-15,2027-06-15,1179367.49,28066.84,-134408.16,28133.42,1073026.17,0,0,0,0,0
MX00068,EQ_DELTA1_EU,JPMORGAN,IRS,IR,GBP,27915705,2024-11-15,2027-04-15,806755.26,44114.84,-245266.54,117193.94,605603.56,987.64,1017.27,0,0,0
MX00069,FLOW_IR_EUR,BNP_PARIBAS,EQ_Forward,IR,USD,49963745,2024-04-15,2027-08-15,2869009.92,101042.35,-432316.91,210800.23,2537735.36,-1777.81,-1831.14,0,0,0
MX00070,FLOW_IR_EUR,JPMORGAN,IRS,COM,GBP,29553407,2024-06-15,2027-11-15,13139.67,83817.87,58029.63,4685.44,154987.17,0,0,0,0,0
MX00071,COM_ENERGY,BNP_PARIBAS,FX_Forward,IR,GBP,31833455,2024-08-15,2027-04-15,1027220.81,79866.63,-316783.8,118167.89,790303.64,272.61,280.79,0,0,0
MX00072,EQ_DELTA1_EU,JPMORGAN,COM_Swap,FX,EUR,4905502,2024-02-15,2027-06-15,-46665.12,810.75,-32376.11,10141.95,-78230.48,0,0,0,16788.5,0
MX00073,EQ_DELTA1_EU,BNP_PARIBAS,IRS,FX,EUR,50978959,2024-05-15,2027-02-15,-1435098.62,74622.81,-22360.93,89815.87,-1382836.74,0,0,0,1404101.83,0
MX00074,FLOW_IR_EUR,JPMORGAN,EQ_Forward,IR,GBP,45035728,2024-05-15,2027-09-15,462265.4,1100.07,196301.15,541.53,659666.62,-520.94,-536.57,0,0,0
MX00075,COM_ENERGY,BNP_PARIBAS,EQ_Forward,IR,GBP,29435542,2024-01-15,2027-08-15,881483.78,37160.3,-64011.19,79814.92,854632.89,-58.94,-60.71,0,0,0
MX00076,EQ_DELTA1_EU,JPMORGAN,FX_Forward,COM,GBP,29150879,2024-05-15,2027-01-15,1174892.72,30780.61,-66576.4,74812.89,1139096.93,0,0,0,0,0
MX00077,FLOW_FX_G10,DEUTSCHE_BANK,IRS,IR,USD,42994462,2024-11-15,2027-11-15,-45301.19,48600.96,-290177.03,198831.86,-286877.26,1585.99,1633.57,0,0,0
MX00078,FLOW_IR_EUR,DEUTSCHE_BANK,EQ_Forward,IR,EUR,29411507,2024-09-15,2027-03-15,497728.74,50532.83,36759.08,19144.5,585020.65,591.29,609.03,0,0,0
MX00079,COM_ENERGY,DEUTSCHE_BANK,EQ_Forward,COM,GBP,49115401,2024-10-15,2027-11-15,186356.55,42786.68,-335460.08,178743.03,-106316.85,0,0,0,0,0
MX00080,FLOW_IR_EUR,DEUTSCHE_BANK,IRS,IR,EUR,21459695,2024-07-15,2027-09-15,-176543.4,61617.39,50513.57,21409.23,-64412.44,-647.63,-667.06,0,0,0
MX00081,FLOW_IR_EUR,DEUTSCHE_BANK,FX_Forward,FX,USD,11417785,2024-01-15,2027-01-15,-306409.08,6244.85,34581.77,20932.25,-265582.46,0,0,0,-100295.07,0
MX00082,FLOW_FX_G10,JPMORGAN,EQ_Forward,EQ,EUR,19650934,2024-06-15,2027-09-15,-252909.16,54958.29,-69279.72,24434.15,-267230.59,0,0,-3048639.27,0,0
MX00083,EQ_DELTA1_EU,DEUTSCHE_BANK,EQ_Forward,FX,EUR,18697240,2024-02-15,2027-02-15,-523998.62,2173.15,132679.17,81706.18,-389146.3,0,0,0,-1477494.02,0
MX00084,FLOW_FX_G10,BNP_PARIBAS,FX_Forward,COM,USD,1159409,2024-07-15,2027-12-15,-5428.34,323.65,4234.16,2259.41,-870.53,0,0,0,0,0
MX00085,FLOW_IR_EUR,JPMORGAN,IRS,FX,GBP,44776281,2024-01-15,2027-12-15,949928.5,5077.37,316476.75,182057.98,1271482.62,0,0,0,-1086410.06,0
MX00086,FLOW_FX_G10,BNP_PARIBAS,IRS,IR,GBP,41126127,2024-05-15,2027-03-15,1173105.7,13312.87,-231827.6,167652.69,954590.97,255.37,263.03,0,0,0
MX00087,COM_ENERGY,JPMORGAN,COM_Swap,COM,USD,48287570,2024-11-15,2027-07-15,1149356.3,23964.56,207407.03,74150.67,1380727.89,0,0,0,0,0
MX00088,EQ_DELTA1_EU,DEUTSCHE_BANK,IRS,EQ,EUR,37981100,2024-06-15,2027-12-15,1086875.71,24829.89,322716.64,126519.95,1434422.24,0,0,2561509.78,0,0
MX00089,FLOW_IR_EUR,JPMORGAN,IRS,IR,USD,27592894,2024-02-15,2027-05-15,-735035.05,64171.51,-104768.99,97145.51,-775632.53,-206.11,-212.29,0,0,0
MX00090,FLOW_FX_G10,BNP_PARIBAS,COM_Swap,EQ,EUR,16595184,2024-06-15,2027-04-15,989208.75,31650.91,51969.15,67130.96,1072828.81,0,0,-3663895.44,0,0
MX00091,EXOTIC_IR_EUR,NOMURA,FX_Swap,FX,CHF,88043785,2024-04-15,2027-02-15,1312451.4,259974.43,-616849.42,401891.28,955576.41,0,0,0,-8018636.3,0
MX00092,FLOW_FX_EM,NOMURA,FX_Swap,FX,JPY,223650580,2024-03-15,2027-12-15,10459919.7,418178.38,-1659386.52,221507.01,9218711.56,0,0,0,16099824.48,0
MX00093,FLOW_FX_EM,MIZUHO,FX_Swap,FX,JPY,159772692,2024-04-15,2027-08-15,6120043.41,981.06,343248.31,395586.16,6464272.78,0,0,0,-15473567.72,0
MX00094,FLOW_FX_EM,NOMURA,IRS,IR,JPY,77299958,2024-02-15,2027-12-15,2612353.65,88962.86,-437212.52,143666,2264103.99,1891.02,1947.75,0,0,0
MX00095,FLOW_FX_EM,MIZUHO,IRS,IR,JPY,68528229,2024-12-15,2027-11-15,1803568.23,115525.51,120662.21,131451.05,2039755.95,-898.72,-925.68,0,0,0
MX00096,FLOW_IR_USD,BARCLAYS,COM_Swap,COM,USD,64986229,2024-05-15,2027-02-15,1537046.12,180727.96,-252830.76,57470.51,1464943.32,0,0,0,0,0
MX00097,FLOW_IR_EUR,UBS,EQ_Option,IR,USD,82528142,2024-03-15,2027-02-15,4740662.24,220227.86,7920.82,82149.41,4968810.92,-2073.2,-2135.4,0,0,152526.69
MX00098,FLOW_FX_G10,BARCLAYS,FX_Forward,IR,EUR,55244990,2024-03-15,2027-02-15,1219489.02,45179.99,-347037.61,255476.37,917631.4,495.08,509.93,0,0,0
MX00099,COM_ENERGY,JPMORGAN,FX_Forward,FX,GBP,82950489,2024-08-15,2027-09-15,3394269.59,48168.72,-375862.33,242829.12,3066575.98,0,0,0,3447907.01,0
MX00100,FLOW_IR_USD,HSBC,Bond,EQ,GBP,2518873,2024-06-15,2027-01-15,-34160.99,5286.78,7143.26,3294.31,-21730.95,0,0,-32746.64,0,0
MX00101,FLOW_FX_G10,BARCLAYS,Bond,IR,USD,51271008,2024-08-15,2027-02-15,2901112.18,126437.65,-226761.53,89057.66,2800788.3,-1541.69,-1587.94,0,0,0
MX00102,EQ_DELTA1_EU,CITIBANK,Deposit,FX,USD,83534872,2024-10-15,2027-08-15,3654066.91,122696.18,-379366.71,95072.19,3397396.38,0,0,0,-2921369.26,0
MX00103,COM_ENERGY,BARCLAYS,FX_Forward,IR,GBP,55669645,2024-10-15,2027-06-15,2833238.33,120871.24,-368498.33,68832.53,2585611.24,-1851.93,-1907.49,0,0,0
MX00104,COM_ENERGY,JPMORGAN,IRS,FX,GBP,89574282,2024-02-15,2027-02-15,2929855.19,118059.21,-606822.42,61123.37,2441091.98,0,0,0,7703482.65,0
MX00105,FLOW_FX_G10,JPMORGAN,Deposit,COM,GBP,77644158,2024-10-15,2027-03-15,-505011.75,57503.19,-275689.11,216280.92,-723197.67,0,0,0,0,0
MX00106,EQ_DELTA1_EU,BARCLAYS,Bond,FX,USD,69948595,2024-01-15,2027-05-15,2673859.65,177856.16,90777.47,2838.24,2942493.28,0,0,0,5053227.54,0
MX00107,EQ_DELTA1_EU,BARCLAYS,Deposit,COM,EUR,81118754,2024-02-15,2027-10-15,-788216.46,106878.89,659659.58,243577.57,-21677.99,0,0,0,0,0
MX00108,FLOW_FX_G10,JPMORGAN,Bond,COM,EUR,11598430,2024-03-15,2027-01-15,361249.57,29189.42,54275.14,46072.45,444714.13,0,0,0,0,0
MX00109,COM_ENERGY,JPMORGAN,IRS,FX,GBP,39113984,2024-07-15,2027-07-15,674147.63,31113.01,-372157.57,160932.3,333103.07,0,0,0,-3921857.89,0
MX00110,COM_ENERGY,CITIBANK,EQ_Option,IR,USD,92557390,2024-07-15,2027-02-15,-1282694.35,179673.84,366258.01,95255.44,-736762.5,-1974.17,-2033.4,0,0,66632.97
MX00111,FLOW_FX_G10,HSBC,COM_Swap,COM,USD,100520272,2024-07-15,2027-11-15,-55459.98,240462.89,-8072.44,68333.35,176930.47,0,0,0,0,0
MX00112,COM_ENERGY,CITIBANK,Bond,EQ,EUR,75288206,2024-07-15,2027-10-15,4653796.95,190693.97,-17880.76,365111.66,4826610.16,0,0,-4469554.7,0,0
MX00113,COM_ENERGY,JPMORGAN,Deposit,COM,EUR,47802587,2024-11-15,2027-05-15,-313563.46,23644.3,415851.79,111757.62,125932.63,0,0,0,0,0
MX00114,FLOW_IR_USD,BARCLAYS,Bond,IR,EUR,65409764,2024-10-15,2027-12-15,1291038.55,19512.6,-499309.73,193433.39,811241.42,1982.98,2042.47,0,0,0
MX00115,FLOW_FX_G10,UBS,EQ_Option,FX,EUR,34394018,2024-04-15,2027-11-15,-373467.57,37705.89,-209077.81,152612.1,-544839.49,0,0,0,26261.45,14678.06
MX00116,FLOW_IR_EUR,JPMORGAN,IRS,COM,USD,51202785,2024-11-15,2027-07-15,949320.71,102839.08,-192900.19,146462.3,859259.6,0,0,0,0,0
MX00117,FLOW_IR_USD,HSBC,IRS,FX,EUR,31649926,2024-11-15,2027-06-15,-871982.09,40533.84,-268370.75,137558.85,-1099819,0,0,0,-4199425.98,0
MX00118,EQ_DELTA1_EU,BARCLAYS,Deposit,FX,GBP,94872338,2024-05-15,2027-05-15,4418452.73,586.89,221224.14,193170.98,4640263.76,0,0,0,6082492.01,0
MX00119,FLOW_IR_EUR,HSBC,Bond,IR,USD,33596586,2024-07-15,2027-11-15,492515.99,16989.9,333518.84,85428.29,843024.73,-590.26,-607.97,0,0,0
MX00120,FLOW_FX_G10,BARCLAYS,COM_Swap,FX,GBP,49254572,2024-02-15,2027-09-15,1622579.41,111065.88,-17451.8,143170.87,1716193.49,0,0,0,502355.65,0
MX00121,EQ_DELTA1_EU,BARCLAYS,EQ_Option,FX,EUR,59426869,2024-07-15,2027-01-15,515520.87,116077.9,16724.5,21206.77,648323.27,0,0,0,2596254.2,68668.86
MX00122,COM_ENERGY,JPMORGAN,IRS,FX,GBP,91468587,2024-07-15,2027-06-15,-2388772.91,194924.17,230167.07,109504.33,-1963681.67,0,0,0,8145525.83,0
MX00123,FLOW_IR_USD,HSBC,Bond,FX,GBP,93304887,2024-11-15,2027-01-15,3238346.87,2086.02,-683920.74,345134.08,2556512.15,0,0,0,6588272.87,0
MX00124,FLOW_IR_USD,BARCLAYS,FX_Forward,EQ,USD,91777575,2024-09-15,2027-12-15,952869.62,119073.17,368009.44,237752.24,1439952.23,0,0,20081655.06,0,0
MX00125,FLOW_IR_EUR,UBS,COM_Swap,EQ,EUR,27748870,2024-09-15,2027-04-15,75960.07,29598.91,196064.82,22818.63,301623.8,0,0,278314.52,0,0
MX00126,FLOW_FX_G10,JPMORGAN,IRS,IR,GBP,99686171,2024-10-15,2027-08-15,-1275717.67,282602.52,218823.15,479376.21,-774292,-3685.78,-3796.35,0,0,0
MX00127,FLOW_IR_USD,UBS,EQ_Option,IR,EUR,2351084,2024-08-15,2027-09-15,16678.95,7032.68,6963.45,5447.58,30675.08,78.48,80.83,0,0,3264.32
MX00128,FLOW_IR_EUR,JPMORGAN,EQ_Option,IR,GBP,21269810,2024-01-15,2027-01-15,-394758.43,39235.04,-88580.12,100952.86,-444103.51,-814.72,-839.16,0,0,2661.59
MX00129,EQ_DELTA1_EU,UBS,Deposit,EQ,EUR,46561931,2024-06-15,2027-04-15,2888279.32,114987.1,394462.85,2866.84,3397729.27,0,0,8792240.49,0,0
MX00130,FLOW_FX_G10,BARCLAYS,Bond,FX,GBP,93052275,2024-02-15,2027-07-15,-2762996.59,100496.2,-144913.6,379508.01,-2807413.99,0,0,0,6874184.55,0
MX00131,FLOW_IR_EUR,UBS,IRS,EQ,EUR,59602347,2024-09-15,2027-05-15,257159.38,354.34,74958.48,292794.15,332472.2,0,0,9945288.42,0,0
MX00132,COM_ENERGY,BARCLAYS,EQ_Option,EQ,USD,61272866,2024-07-15,2027-06-15,1145620.34,171711.11,150794.4,200741.48,1468125.85,0,0,7997391.98,0,78299.5
MX00133,FLOW_IR_EUR,BARCLAYS,FX_Forward,FX,USD,47755666,2024-06-15,2027-12-15,-466239.03,51429.47,-346468.06,18433.91,-761277.62,0,0,0,-4082243.02,0
MX00134,COM_ENERGY,CITIBANK,FX_Forward,COM,USD,26872873,2024-02-15,2027-11-15,1557274.23,79262.8,156204.32,115000.09,1792741.35,0,0,0,0,0
MX00135,EQ_DELTA1_EU,JPMORGAN,COM_Swap,COM,GBP,43533959,2024-05-15,2027-07-15,1437401.35,62412.35,-338591.83,205984.89,1161221.87,0,0,0,0,0
MX00136,EQ_DELTA1_EU,BARCLAYS,Deposit,EQ,GBP,48250393,2024-03-15,2027-03-15,2673020.58,24180.23,-329325.97,96519.69,2367874.84,0,0,-8242510.5,0,0
MX00137,COM_ENERGY,JPMORGAN,Deposit,FX,EUR,79901478,2024-02-15,2027-03-15,2392815.98,9712.72,-49410.56,340127.58,2353118.14,0,0,0,-9259816.55,0
MX00138,COM_ENERGY,JPMORGAN,COM_Swap,EQ,EUR,5632790,2024-11-15,2027-10-15,1747.66,13198.73,-31261.76,22814.4,-16315.37,0,0,162885.98,0,0
MX00139,FLOW_FX_G10,HSBC,Bond,FX,USD,87003302,2024-09-15,2027-02-15,-1402255.45,69609.22,428247.56,289887.01,-904398.67,0,0,0,-7048486.09,0
MX00140,FLOW_IR_EUR,HSBC,FX_Forward,IR,USD,64557385,2024-09-15,2027-09-15,-130855.18,167094.19,200896.71,118978.69,237135.72,-1802.87,-1856.96,0,0,0
MX00141,FLOW_IR_EUR,HSBC,EQ_Option,EQ,GBP,7800073,2024-11-15,2027-10-15,397262.86,17546.53,-7649.95,20731.23,407159.44,0,0,-140249.08,0,1645.45
MX00142,COM_ENERGY,CITIBANK,COM_Swap,EQ,EUR,78295689,2024-04-15,2027-07-15,4319537.24,104576.29,-492827.7,355654.59,3931285.83,0,0,4214894.12,0,0
MX00143,FLOW_IR_EUR,CITIBANK,Bond,IR,USD,45213832,2024-04-15,2027-09-15,2350922.77,72259.46,312284.58,154667.29,2735466.81,366.59,377.59,0,0,0
MX00144,FLOW_IR_USD,JPMORGAN,FX_Forward,IR,GBP,22682081,2024-08-15,2027-05-15,1354714.2,66767.28,172135.86,40028.95,1593617.34,621.61,640.26,0,0,0
MX00145,FLOW_IR_EUR,BARCLAYS,Bond,EQ,GBP,4536094,2024-04-15,2027-08-15,13870.27,5247.76,10073.85,13451.65,29191.88,0,0,56731.55,0,0
MX00146,FLOW_IR_EUR,HSBC,IRS,EQ,EUR,41646181,2024-05-15,2027-03-15,-964006.67,44168.28,-350336.32,60930.38,-1270174.71,0,0,1293241.17,0,0
MX00147,FLOW_FX_G10,JPMORGAN,EQ_Option,FX,USD,44704408,2024-11-15,2027-12-15,-564989.67,6928.99,266430.68,210466.59,-291630,0,0,0,1847222.39,12517.64
MX00148,FLOW_IR_EUR,BARCLAYS,Deposit,IR,GBP,59856801,2024-04-15,2027-04-15,-1380292.99,102964.27,542103.54,103750.09,-735225.18,-215.58,-222.05,0,0,0
MX00149,FLOW_IR_USD,CITIBANK,FX_Forward,FX,GBP,76129835,2024-09-15,2027-05-15,-1597059.98,110534.47,-639394.26,129569.31,-2125919.77,0,0,0,-345265.03,0
MX00150,EQ_DELTA1_EU,HSBC,FX_Forward,COM,EUR,25385008,2024-12-15,2027-01-15,806472.72,58544.56,-29809.96,107849.07,835207.32,0,0,0,0,0
MX00151,FLOW_IR_EUR,HSBC,Deposit,EQ,EUR,11244221,2024-09-15,2027-06-15,371300.07,6014.48,48422.28,6515.99,425736.83,0,0,-1781159.98,0,0
MX00152,FLOW_IR_USD,UBS,COM_Swap,IR,GBP,36573109,2024-06-15,2027-10-15,228667.48,105155.42,-94388.06,181874.84,239434.84,451.93,465.49,0,0,0
MX00153,EQ_DELTA1_EU,CITIBANK,COM_Swap,IR,GBP,80113548,2024-03-15,2027-06-15,-841985.93,114834,-516947.75,230669.93,-1244099.68,-1234.47,-1271.5,0,0,0
MX00154,EQ_DELTA1_EU,CITIBANK,Deposit,COM,EUR,51063172,2024-08-15,2027-10-15,2508700.79,94965.07,351838.17,233493.75,2955504.03,0,0,0,0,0
MX00155,COM_ENERGY,UBS,IRS,FX,EUR,42941015,2024-12-15,2027-03-15,-617172.53,93502.79,-205830.85,105770.43,-729500.59,0,0,0,1565376.24,0
MX00156,FLOW_IR_USD,HSBC,Bond,EQ,GBP,28804473,2024-04-15,2027-08-15,1345587.73,81692.08,215904.5,101662.73,1643184.31,0,0,-6979322.36,0,0
MX00157,FLOW_IR_EUR,UBS,COM_Swap,EQ,USD,78114858,2024-05-15,2027-09-15,-262033.38,192820.13,211644.3,356750.79,142431.05,0,0,12883922.99,0,0
MX00158,COM_ENERGY,CITIBANK,Bond,COM,GBP,39921563,2024-03-15,2027-05-15,-990313.99,18360.23,32815.6,87112.59,-939138.16,0,0,0,0,0
MX00159,COM_ENERGY,UBS,Bond,COM,USD,54537203,2024-04-15,2027-08-15,161453.42,42348.74,174877.2,8009.81,378679.36,0,0,0,0,0
MX00160,FLOW_IR_USD,UBS,Deposit,COM,EUR,98932054,2024-10-15,2027-01-15,1769762.63,293914.36,-973506.12,207687.04,1090170.87,0,0,0,0,0
MX00161,FLOW_FX_G10,HSBC,IRS,EQ,GBP,22461335,2024-04-15,2027-03-15,690217.74,32370.37,85618.84,90289.46,808206.95,0,0,-3680953.57,0,0
MX00162,FLOW_IR_USD,BARCLAYS,EQ_Option,FX,EUR,49726182,2024-09-15,2027-08-15,1648738.22,36550.3,-99146.75,46553.04,1586141.77,0,0,0,1842370.6,54319.64
MX00163,EQ_DELTA1_EU,HSBC,IRS,EQ,EUR,31072485,2024-03-15,2027-05-15,692058.41,47271.21,-305136.13,81231.58,434193.49,0,0,-7673018.62,0,0
MX00164,FLOW_FX_G10,JPMORGAN,IRS,FX,USD,48651702,2024-04-15,2027-06-15,653422.92,122028.81,192222.94,38121.29,967674.67,0,0,0,-2195080.57,0
MX00165,FLOW_IR_USD,UBS,FX_Forward,IR,EUR,95622097,2024-02-15,2027-03-15,-1433607.73,91545.61,804928.46,396630.21,-537133.66,-2076.3,-2138.59,0,0,0
MX00166,COM_ENERGY,UBS,IRS,IR,EUR,65331086,2024-05-15,2027-08-15,3111290.03,73518.75,-150967.92,206422.03,3033840.86,-523.76,-539.47,0,0,0
MX00167,EQ_DELTA1_EU,HSBC,Bond,COM,EUR,85986880,2024-02-15,2027-01-15,5039161.69,2375.27,558970.61,13945.61,5600507.57,0,0,0,0,0
MX00168,FLOW_IR_EUR,CITIBANK,FX_Forward,EQ,EUR,68760065,2024-05-15,2027-02-15,4472472.44,25552.35,-120284.42,95966.71,4377740.37,0,0,16959856.46,0,0
MX00169,FLOW_IR_EUR,CITIBANK,EQ_Option,COM,GBP,82748768,2024-08-15,2027-06-15,5106652.63,116048.89,607744.12,47505.17,5830445.64,0,0,0,0,89727.83
MX00170,FLOW_FX_G10,BARCLAYS,Bond,FX,EUR,35509017,2024-04-15,2027-02-15,594708.03,22902.52,-189802.05,171728,427808.5,0,0,0,-349609.28,0
MX00171,FLOW_IR_USD,JPMORGAN,IRS,EQ,USD,72347161,2024-08-15,2027-01-15,-101724.85,68470.59,144903.67,175774.2,111649.41,0,0,-6684095.15,0,0
MX00172,FLOW_FX_G10,UBS,FX_Forward,IR,USD,30621421,2024-11-15,2027-05-15,-775.87,25761.11,190265.69,69832.35,215250.93,-547.49,-563.91,0,0,0
MX00173,FLOW_IR_USD,BARCLAYS,COM_Swap,EQ,GBP,32245400,2024-09-15,2027-05-15,-179077.64,93252.19,-247861.3,3355.45,-333686.75,0,0,3300050.72,0,0
MX00174,FLOW_IR_EUR,JPMORGAN,Deposit,EQ,EUR,54845017,2024-10-15,2027-04-15,-598517.58,157939.76,488582.32,95886.35,48004.5,0,0,8778415.9,0,0
MX00175,EQ_DELTA1_EU,HSBC,Deposit,IR,EUR,100149667,2024-04-15,2027-03-15,2987204.22,25998.45,646210.64,441362.21,3659413.31,-1491.82,-1536.57,0,0,0
MX00176,EQ_DELTA1_EU,BARCLAYS,IRS,COM,EUR,10401307,2024-04-15,2027-01-15,295566.61,7624.04,64615.29,3839.06,367805.94,0,0,0,0,0
MX00177,COM_ENERGY,JPMORGAN,Bond,FX,EUR,52753247,2024-02-15,2027-10-15,1459281.51,81628.68,-247693.47,192597.32,1293216.72,0,0,0,-4176981.26,0
MX00178,COM_ENERGY,BARCLAYS,COM_Swap,EQ,EUR,98217098,2024-06-15,2027-11-15,76143.32,6070.85,635740.92,89971.6,717955.09,0,0,-730893.35,0,0
MX00179,COM_ENERGY,CITIBANK,COM_Swap,FX,USD,3824019,2024-08-15,2027-02-15,101118.59,9348.28,-17405.16,18455.21,93061.71,0,0,0,-448726.54,0
MX00180,COM_ENERGY,UBS,FX_Forward,IR,USD,88379306,2024-09-15,2027-07-15,4549760.92,45420.47,-495908.35,82568.73,4099273.04,-1845.23,-1900.59,0,0,0
MX00181,FLOW_FX_G10,UBS,Deposit,FX,GBP,100059515,2024-07-15,2027-10-15,-2773046.23,98146.61,915777.03,414302.81,-1759122.59,0,0,0,2591699.6,0
MX00182,COM_ENERGY,BARCLAYS,Bond,FX,GBP,69730498,2024-03-15,2027-03-15,2921377.65,200953.08,-52281.74,81803.36,3070048.99,0,0,0,-1069914.95,0
MX00183,COM_ENERGY,HSBC,EQ_Option,FX,USD,69698187,2024-12-15,2027-11-15,1388862.58,122531.87,-82590.42,206178.49,1428804.03,0,0,0,6600655.83,46244.82
MX00184,FLOW_IR_USD,CITIBANK,FX_Forward,FX,GBP,51578381,2024-04-15,2027-03-15,1498940.22,127339.78,-481665.93,179910.85,1144614.07,0,0,0,-6294021.68,0
MX00185,FLOW_IR_EUR,UBS,IRS,EQ,USD,25038437,2024-06-15,2027-01-15,1481636.49,65631.9,-206697.48,114919.69,1340570.91,0,0,3951701.85,0,0
MX00186,FLOW_IR_USD,UBS,FX_Forward,EQ,USD,100304668,2024-02-15,2027-04-15,5338521.79,4328.13,977377.14,358841.4,6320227.06,0,0,-155622.36,0,0
MX00187,COM_ENERGY,JPMORGAN,FX_Forward,IR,USD,81219312,2024-07-15,2027-07-15,3929653.32,161657.56,-609839.73,232866.24,3481471.15,246.66,254.06,0,0,0
MX00188,FLOW_IR_USD,BARCLAYS,FX_Forward,IR,USD,83837526,2024-06-15,2027-02-15,4066424.31,247679.68,608117.99,78498.34,4922221.98,868.06,894.1,0,0,0
MX00189,FLOW_IR_EUR,JPMORGAN,COM_Swap,EQ,EUR,94648390,2024-04-15,2027-09-15,-1597514.64,228143.39,945637.02,95307.45,-423734.23,0,0,-2523448.38,0,0
MX00190,FLOW_IR_USD,CITIBANK,COM_Swap,EQ,EUR,62734331,2024-11-15,2027-08-15,1741181.59,100646.48,114663.67,52301.38,1956491.74,0,0,-821631.66,0,0
MX00191,COM_ENERGY,HSBC,EQ_Option,EQ,GBP,38930491,2024-09-15,2027-06-15,2242771.74,19229.74,314096.65,58889.23,2576098.13,0,0,8304209.61,0,35944.85
MX00192,EQ_DELTA1_EU,UBS,EQ_Option,IR,GBP,83204335,2024-06-15,2027-12-15,4568369.19,130453.55,-43152.4,24518.9,4655670.34,2921.12,3008.75,0,0,10170.05
MX00193,FLOW_IR_EUR,JPMORGAN,EQ_Option,EQ,USD,1142752,2024-02-15,2027-01-15,3372.2,2123.63,-2732.33,2514.14,2763.5,0,0,-88124.53,0,1662.56
MX00194,EQ_DELTA1_EU,JPMORGAN,COM_Swap,EQ,EUR,40520287,2024-05-15,2027-09-15,1666142.33,75648.69,271107.25,93270.46,2012898.27,0,0,-8699126.04,0,0
MX00195,FLOW_IR_EUR,CITIBANK,COM_Swap,COM,USD,62586068,2024-06-15,2027-09-15,2572935.08,92553.4,159497.47,228953.37,2824985.95,0,0,0,0,0
MX00196,EQ_DELTA1_EU,BARCLAYS,FX_Forward,EQ,EUR,70994511,2024-09-15,2027-11-15,2376502.77,65545.89,322513.85,101760.05,2764562.51,0,0,2677378.87,0,0
MX00197,FLOW_FX_G10,UBS,COM_Swap,EQ,GBP,55308246,2024-09-15,2027-07-15,3744014.54,74879.75,-345091.88,7371.83,3473802.41,0,0,-12890439.13,0,0
MX00198,COM_ENERGY,UBS,Deposit,COM,GBP,32259065,2024-07-15,2027-05-15,-662418.2,5015.96,121025.61,67743.37,-536376.63,0,0,0,0,0
MX00199,FLOW_FX_G10,JPMORGAN,COM_Swap,IR,GBP,17223513,2024-03-15,2027-12-15,-481471.62,2338.86,86252.99,76554.94,-392879.77,-409.05,-421.32,0,0,0
MX00200,EQ_DELTA1_EU,BARCLAYS,FX_Forward,FX,GBP,15798100,2024-12-15,2027-06-15,121133.78,30058.78,-7817.21,46473.96,143375.35,0,0,0,-202222.48,0
MX00201,FLOW_FX_G10,BARCLAYS,COM_Swap,IR,USD,26714385,2024-01-15,2027-08-15,639466.55,23119.4,248569.48,107656.13,911155.43,-522.41,-538.08,0,0,0
MX00202,FLOW_IR_USD,HSBC,COM_Swap,FX,GBP,14223321,2024-12-15,2027-06-15,165285.18,19768.99,1666.68,31487.85,186720.85,0,0,0,-1760476.93,0
MX00203,FLOW_FX_G10,JPMORGAN,COM_Swap,EQ,GBP,10735410,2024-03-15,2027-10-15,513459.65,29475.14,-27346.86,2516.9,515587.93,0,0,-2473181.93,0,0
MX00204,EQ_DELTA1_EU,JPMORGAN,FX_Forward,FX,USD,59809584,2024-08-15,2027-06-15,-1243637.94,31343.4,401903.38,137515.48,-810391.16,0,0,0,-6835518.07,0
MX00205,EQ_DELTA1_EU,CITIBANK,COM_Swap,IR,EUR,41155605,2024-05-15,2027-04-15,580763.27,123392.13,389798.39,102818.23,1093953.79,1538.79,1584.95,0,0,0
MX00206,FLOW_IR_USD,UBS,FX_Forward,COM,USD,40010574,2024-09-15,2027-08-15,697670.3,93708.69,-396078.38,143787.82,395300.61,0,0,0,0,0
MX00207,EQ_DELTA1_EU,BARCLAYS,IRS,IR,GBP,85206940,2024-12-15,2027-12-15,-1803965.87,86262.27,-539949.09,166785.99,-2257652.69,1928.36,1986.21,0,0,0
MX00208,EQ_DELTA1_EU,UBS,Bond,EQ,USD,93996643,2024-03-15,2027-07-15,-1735383.47,268533.01,161477.06,359301.99,-1305373.4,0,0,-4691629.96,0,0
MX00209,FLOW_IR_USD,BARCLAYS,EQ_Option,FX,USD,87754192,2024-05-15,2027-01-15,797464.79,16440.95,614632.7,102394.02,1428538.44,0,0,0,1944736.24,101694.97
MX00210,FLOW_IR_EUR,UBS,IRS,EQ,USD,87950078,2024-01-15,2027-02-15,1384127.47,187903.2,762084.02,77589.53,2334114.69,0,0,-18908002.02,0,0
MX00211,FLOW_IR_EUR,JPMORGAN,Deposit,COM,EUR,50882633,2024-07-15,2027-08-15,-395850.25,99497.01,-481188.34,45376.63,-777541.58,0,0,0,0,0
MX00212,COM_ENERGY,JPMORGAN,Bond,EQ,GBP,30950931,2024-11-15,2027-04-15,1303821.32,8217.65,199577.08,69789.84,1511616.05,0,0,-1069316.62,0,0
MX00213,EQ_DELTA1_EU,UBS,Bond,FX,USD,100756327,2024-02-15,2027-11-15,3491003.93,259803.92,-938105.67,252305.4,2812702.18,0,0,0,-4959454.09,0
MX00214,EQ_DELTA1_EU,CITIBANK,IRS,FX,USD,63388643,2024-01-15,2027-07-15,677127.44,37383.72,391974.06,254239.07,1106485.22,0,0,0,9387692.17,0
MX00215,COM_ENERGY,HSBC,FX_Forward,IR,EUR,43211499,2024-11-15,2027-11-15,1634754.07,35181.6,333006.81,7785.79,2002942.48,-314.16,-323.58,0,0,0
MX00216,FLOW_IR_EUR,JPMORGAN,Bond,FX,EUR,83868546,2024-06-15,2027-10-15,5224657.22,1326.75,-816842.64,24654.1,4409141.33,0,0,0,8370394.59,0
MX00217,FLOW_IR_USD,CITIBANK,EQ_Option,FX,GBP,80138356,2024-10-15,2027-06-15,5451600.12,6210.94,680546.02,242476.59,6138357.08,0,0,0,-10522691.83,73738.18
MX00218,FLOW_IR_EUR,HSBC,IRS,FX,GBP,25149863,2024-05-15,2027-02-15,412794.36,7020.32,133533.19,103109.96,553347.87,0,0,0,-3097867.07,0
MX00219,FLOW_IR_EUR,CITIBANK,EQ_Option,FX,EUR,75853430,2024-11-15,2027-07-15,4559978.49,155259.18,-78460.61,254323.75,4636777.06,0,0,0,-1314258.96,76346.43
MX00220,FLOW_IR_USD,UBS,EQ_Option,COM,GBP,4665236,2024-08-15,2027-03-15,-87209.51,10087.59,2377.36,19085.39,-74744.56,0,0,0,0,3271
MX00221,FLOW_IR_USD,HSBC,Deposit,EQ,USD,71803997,2024-11-15,2027-12-15,4489900.95,846.23,41018.68,54714.98,4531765.86,0,0,6260062.31,0,0
MX00222,FLOW_FX_G10,JPMORGAN,FX_Forward,FX,GBP,73208645,2024-02-15,2027-08-15,2701313.34,67302.93,-716988.67,185754.95,2051627.6,0,0,0,5165200.49,0
MX00223,FLOW_IR_USD,HSBC,COM_Swap,COM,GBP,35978724,2024-06-15,2027-05-15,1893274.01,32015.85,44983.1,95392.43,1970272.96,0,0,0,0,0
MX00224,EQ_DELTA1_EU,CITIBANK,EQ_Option,EQ,USD,5652105,2024-12-15,2027-04-15,-130537.2,8713.13,14417.11,4553.79,-107406.96,0,0,713088,0,1772.26
MX00225,FLOW_IR_EUR,HSBC,COM_Swap,FX,EUR,54984402,2024-11-15,2027-09-15,2926832.8,32537.92,202184.56,120626.53,3161555.28,0,0,0,692926.95,0
MX00226,COM_ENERGY,UBS,EQ_Option,IR,GBP,45992621,2024-12-15,2027-09-15,1208130.88,1463.53,304140.65,90316.8,1513735.06,-368.19,-379.24,0,0,87896.84
MX00227,FLOW_IR_USD,UBS,COM_Swap,FX,GBP,26096689,2024-02-15,2027-09-15,-708476.88,22289.64,-50274.54,58136.37,-736461.78,0,0,0,1601189.87,0
MX00228,FLOW_FX_G10,CITIBANK,IRS,EQ,USD,73041241,2024-05-15,2027-04-15,3779767.04,71366.05,-431945.33,310291.88,3419187.76,0,0,4711664.49,0,0
MX00229,EQ_DELTA1_EU,CITIBANK,EQ_Option,COM,GBP,21621732,2024-10-15,2027-06-15,545799.92,50014.11,-87293.81,5909.6,508520.22,0,0,0,0,30113
MX00230,FLOW_IR_EUR,BARCLAYS,FX_Forward,COM,USD,15698252,2024-04-15,2027-03-15,899646.94,23234.39,122799.54,40315.59,1045680.87,0,0,0,0,0
MX00231,FLOW_IR_USD,HSBC,IRS,IR,USD,30143369,2024-03-15,2027-03-15,1712197.24,20057.24,262143.57,129489.19,1994398.05,61.02,62.85,0,0,0
MX00232,FLOW_IR_EUR,CITIBANK,FX_Forward,IR,EUR,51389881,2024-06-15,2027-08-15,3351165.54,122096.38,-117347.24,210267.11,3355914.68,1110.46,1143.77,0,0,0
MX00233,FLOW_IR_USD,BARCLAYS,COM_Swap,EQ,EUR,10953696,2024-03-15,2027-09-15,-83132.57,31141.26,82572.17,38704.64,30580.86,0,0,947237.33,0,0
MX00234,FLOW_FX_G10,HSBC,Bond,COM,GBP,22031107,2024-02-15,2027-07-15,1493320.33,60522.82,-24373.79,13243.71,1529469.36,0,0,0,0,0
MX00235,EQ_DELTA1_EU,JPMORGAN,FX_Forward,IR,EUR,8373285,2024-01-15,2027-12-15,492259.78,21097.15,62618.21,30650.25,575975.14,-54.45,-56.08,0,0,0
MX00236,FLOW_IR_EUR,JPMORGAN,Deposit,COM,EUR,57462782,2024-11-15,2027-04-15,3266320.14,42789.45,143557.83,97142.5,3452667.42,0,0,0,0,0
MX00237,FLOW_IR_USD,BARCLAYS,Bond,IR,EUR,66904294,2024-10-15,2027-02-15,-1138710.9,22151.62,428649.83,223318.62,-687909.45,706.83,728.03,0,0,0
MX00238,FLOW_FX_G10,BARCLAYS,COM_Swap,EQ,USD,66983220,2024-01-15,2027-04-15,-561536.79,40661.67,630972.29,42941.05,110097.17,0,0,917264.93,0,0
MX00239,FLOW_IR_EUR,HSBC,EQ_Option,EQ,GBP,55955373,2024-08-15,2027-05-15,3885814.48,15305.58,-329965.78,248529.7,3571154.28,0,0,8851331.08,0,71492.86
MX00240,EQ_DELTA1_EU,CITIBANK,FX_Forward,FX,USD,28180857,2024-08-15,2027-03-15,-418326.57,51620.17,225787.04,84269.08,-140919.36,0,0,0,-3790503.62,0
MX00241,EQ_DELTA1_EU,HSBC,EQ_Option,IR,GBP,8848652,2024-02-15,2027-10-15,-52996.9,21858.41,-63178.98,1200.83,-94317.47,-305.04,-314.19,0,0,11344.66
MX00242,EQ_DELTA1_EU,BARCLAYS,FX_Forward,EQ,USD,63037866,2024-02-15,2027-09-15,2666985.49,109676.87,49555.93,203992.17,2826218.29,0,0,-8146576.19,0,0
MX00243,FLOW_IR_EUR,CITIBANK,Deposit,IR,USD,4580002,2024-09-15,2027-06-15,202220.1,12323.78,-10849.36,988.67,203694.52,-47.76,-49.19,0,0,0
MX00244,EQ_DELTA1_EU,JPMORGAN,EQ_Option,IR,GBP,73128013,2024-05-15,2027-02-15,3966402.17,129232.29,488558.68,104502.93,4584193.14,-378.84,-390.21,0,0,18742.9
MX00245,FLOW_IR_EUR,CITIBANK,Deposit,EQ,GBP,81398236,2024-09-15,2027-07-15,4851452.14,223968.89,-12769.82,288036.06,5062651.21,0,0,-6112748.01,0,0
MX00246,EQ_DELTA1_EU,BARCLAYS,COM_Swap,COM,GBP,20291547,2024-02-15,2027-11-15,912593.58,19489.83,141571.04,2845.9,1073654.45,0,0,0,0,0
MX00247,COM_ENERGY,HSBC,COM_Swap,EQ,USD,42462354,2024-08-15,2027-01-15,2245372.77,56991.07,-116396.33,93200.98,2185967.51,0,0,-3709964.06,0,0
MX00248,EQ_DELTA1_EU,HSBC,IRS,COM,EUR,37307234,2024-10-15,2027-02-15,1048647.63,99512.28,-256173.66,185355.84,891986.25,0,0,0,0,0
MX00249,FLOW_FX_G10,CITIBANK,IRS,FX,EUR,43837788,2024-07-15,2027-03-15,488486.41,33395.44,-192353.31,172056.77,329528.54,0,0,0,2549702.6,0
MX00250,FLOW_IR_USD,CITIBANK,Deposit,IR,GBP,78161953,2024-03-15,2027-10-15,3054145.73,89780.89,491816.24,193980.81,3635742.86,2592.42,2670.19,0,0,0
MX00251,FLOW_IR_USD,BARCLAYS,IRS,COM,EUR,72984355,2024-12-15,2027-06-15,1114401.29,32351.82,-717686.75,175724.65,429066.36,0,0,0,0,0
MX00252,FLOW_FX_G10,BARCLAYS,Bond,COM,USD,59543908,2024-09-15,2027-06-15,3635463.5,61045.73,226661.44,278351.39,3923170.67,0,0,0,0,0
MX00253,FLOW_FX_G10,CITIBANK,Bond,EQ,USD,79297482,2024-11-15,2027-07-15,-282065.89,46326.91,321810.39,287681.35,86071.41,0,0,10944413.71,0,0
MX00254,COM_ENERGY,JPMORGAN,Bond,FX,EUR,68012679,2024-12-15,2027-07-15,2100740.89,21307.03,-570210.99,328449.46,1551836.93,0,0,0,-4741634.43,0
MX00255,COM_ENERGY,BARCLAYS,COM_Swap,IR,USD,48306727,2024-09-15,2027-04-15,2001412.25,67983.79,145302.58,127886.37,2214698.62,-854.66,-880.3,0,0,0
MX00256,FLOW_IR_EUR,HSBC,IRS,FX,EUR,70651980,2024-01-15,2027-09-15,-1467457.31,155775.13,563465.18,27117.23,-748217,0,0,0,-2705876.62,0
MX00257,FLOW_IR_EUR,HSBC,EQ_Option,FX,EUR,38639525,2024-06-15,2027-01-15,1987601.06,32077.67,-331323.31,184572.41,1688355.42,0,0,0,1454060.89,26686.88
MX00258,COM_ENERGY,BARCLAYS,IRS,EQ,EUR,3200384,2024-07-15,2027-11-15,-60255.95,9253.04,22682.85,15982.16,-28320.06,0,0,465354.48,0,0
MX00259,EQ_DELTA1_EU,BARCLAYS,Bond,FX,EUR,77916037,2024-03-15,2027-09-15,244360.53,59913.09,-176187.18,388864.7,128086.44,0,0,0,2823081.32,0
MX00260,COM_ENERGY,BARCLAYS,IRS,EQ,EUR,27986300,2024-05-15,2027-08-15,-200620.57,2513.87,-48154.14,110782.86,-246260.84,0,0,769182.43,0,0
MX00261,FLOW_FX_G10,BARCLAYS,IRS,FX,EUR,100155268,2024-07-15,2027-12-15,3512414.34,117416.86,-692603.5,175991.86,2937227.7,0,0,0,-7127073.73,0
MX00262,FLOW_IR_EUR,BARCLAYS,Deposit,COM,USD,56181196,2024-08-15,2027-08-15,-865593.21,91824.59,447614.52,275143.89,-326154.1,0,0,0,0,0
MX00263,FLOW_FX_G10,BARCLAYS,EQ_Option,COM,EUR,17588026,2024-03-15,2027-07-15,-259528.76,46439.79,130121.79,59850.21,-82967.18,0,0,0,0,10402.79
MX00264,FLOW_IR_EUR,CITIBANK,COM_Swap,COM,GBP,28928833,2024-10-15,2027-02-15,524913.5,21895.55,-187502.84,17044.14,359306.21,0,0,0,0,0
MX00265,FLOW_FX_G10,CITIBANK,FX_Forward,IR,EUR,82487257,2024-08-15,2027-05-15,656483.29,29454.21,584196.89,134108.27,1270134.39,-764.09,-787.01,0,0,0
MX00266,FLOW_FX_G10,JPMORGAN,Deposit,FX,USD,80531290,2024-10-15,2027-02-15,-1831742.46,204131.06,465089.79,32036.8,-1162521.61,0,0,0,-11277639.15,0
MX00267,EQ_DELTA1_EU,HSBC,COM_Swap,FX,GBP,77011790,2024-04-15,2027-02-15,3462059.64,176501.87,-183740.57,39145.18,3454820.94,0,0,0,3661182.03,0
MX00268,EQ_DELTA1_EU,HSBC,IRS,FX,GBP,39909875,2024-01-15,2027-03-15,2392007.85,95499.74,-37708.92,3057.65,2449798.67,0,0,0,-5676797.55,0
MX00269,COM_ENERGY,HSBC,EQ_Option,EQ,EUR,87528734,2024-11-15,2027-09-15,178979.59,257012.37,401870.11,181694.48,837862.07,0,0,-9139398.27,0,16626.07
MX00270,FLOW_IR_EUR,CITIBANK,Deposit,COM,USD,76108627,2024-10-15,2027-10-15,2116168.61,178111.79,186387.08,267326.1,2480667.48,0,0,0,0,0
MX00271,FLOW_IR_EUR,CITIBANK,FX_Forward,EQ,GBP,83438381,2024-08-15,2027-11-15,200763.69,14102.77,430888.34,214413.55,645754.8,0,0,-18091227.68,0,0
MX00272,COM_ENERGY,JPMORGAN,Deposit,IR,USD,5289502,2024-05-15,2027-09-15,-12358.64,13653.25,-39833.97,24460.02,-38539.36,27.64,28.47,0,0,0
MX00273,EQ_DELTA1_EU,JPMORGAN,COM_Swap,COM,GBP,73528298,2024-06-15,2027-08-15,4675487.42,165500.9,280344.21,214441.55,5121332.53,0,0,0,0,0
MX00274,FLOW_IR_EUR,JPMORGAN,COM_Swap,COM,EUR,34237560,2024-06-15,2027-08-15,-987747.52,13771.52,335600.54,40391.25,-638375.46,0,0,0,0,0
MX00275,FLOW_IR_EUR,CITIBANK,EQ_Option,FX,EUR,72261007,2024-12-15,2027-07-15,-1089375.1,164802.92,-569075.35,328798.13,-1493647.53,0,0,0,-10568597.79,52426.55
MX00276,COM_ENERGY,BARCLAYS,IRS,EQ,EUR,39924300,2024-07-15,2027-09-15,-943055.65,83876.35,187016.38,5866.47,-672162.92,0,0,-1070922.65,0,0
MX00277,COM_ENERGY,HSBC,COM_Swap,COM,USD,92712911,2024-06-15,2027-12-15,3054667.01,55306.91,836372.62,152046.7,3946346.54,0,0,0,0,0
MX00278,FLOW_FX_G10,BARCLAYS,EQ_Option,FX,USD,85191332,2024-04-15,2027-06-15,1428428.08,189498.72,-659537.68,151387.17,958389.12,0,0,0,-4750339.68,106256.72
MX00279,FLOW_IR_USD,HSBC,EQ_Option,FX,EUR,98414191,2024-02-15,2027-05-15,2707813.44,42389.61,283736.61,235671.18,3033939.66,0,0,0,-7265233.22,79684.22
MX00280,FLOW_IR_USD,HSBC,Deposit,EQ,USD,18512522,2024-09-15,2027-02-15,-64304.98,27700.37,171384.26,87077.32,134779.65,0,0,2884814.27,0,0
MX00281,EQ_DELTA1_EU,CITIBANK,FX_Forward,FX,EUR,48094420,2024-07-15,2027-12-15,2407710.92,91811.21,374571.8,30571.01,2874093.93,0,0,0,-5997607.12,0
MX00282,EQ_DELTA1_EU,JPMORGAN,Bond,FX,USD,51501174,2024-04-15,2027-11-15,1692349.99,5380.59,-254705.45,49433.84,1443025.13,0,0,0,-2126131.21,0
MX00283,FLOW_FX_G10,HSBC,IRS,IR,EUR,98093422,2024-12-15,2027-11-15,6201145.62,242443.57,446444.62,387835.31,6890033.81,3414.71,3517.15,0,0,0
MX00284,FLOW_IR_USD,HSBC,COM_Swap,COM,GBP,90987373,2024-03-15,2027-12-15,5884404.65,148816.13,-508332.81,431141.25,5524887.97,0,0,0,0,0
MX00285,EQ_DELTA1_EU,JPMORGAN,IRS,EQ,GBP,56412864,2024-10-15,2027-02-15,1397198.46,21382.85,-458247.9,133340.42,960333.41,0,0,1905077.06,0,0
MX00286,FLOW_IR_USD,UBS,FX_Forward,COM,EUR,38112149,2024-07-15,2027-04-15,-46133.75,81124.41,15506.67,77226.31,50497.33,0,0,0,0,0
MX00287,EQ_DELTA1_EU,CITIBANK,Deposit,FX,GBP,68310264,2024-11-15,2027-08-15,3073818.95,76021.43,468244.36,242403.05,3618084.74,0,0,0,-4053604.73,0
MX00288,EQ_DELTA1_EU,HSBC,Bond,COM,EUR,42900904,2024-11-15,2027-06-15,1056253.55,115378.22,207382.9,22378,1379014.67,0,0,0,0,0
MX00289,FLOW_IR_USD,JPMORGAN,Bond,COM,GBP,35127587,2024-06-15,2027-04-15,-662971.29,41549.53,-58842.31,126764.75,-680264.07,0,0,0,0,0
MX00290,FLOW_IR_EUR,HSBC,IRS,COM,USD,96046788,2024-12-15,2027-11-15,1802144.66,229651.11,-710010.35,248296.81,1321785.42,0,0,0,0,0
MX00291,EQ_DELTA1_EU,CITIBANK,COM_Swap,EQ,EUR,35925089,2024-08-15,2027-01-15,1409058.34,84021.94,28679.74,151687.14,1521760.02,0,0,-1833553.75,0,0
MX00292,FLOW_FX_G10,JPMORGAN,IRS,EQ,EUR,98198073,2024-10-15,2027-05-15,-2154237.75,238687.28,716840.34,95459.34,-1198710.13,0,0,21972240.48,0,0
MX00293,FLOW_IR_EUR,BARCLAYS,FX_Forward,IR,USD,28959707,2024-11-15,2027-08-15,1721640.23,1453.03,-11454.88,11866.57,1711638.38,277.83,286.16,0,0,0
MX00294,COM_ENERGY,UBS,IRS,EQ,USD,17755345,2024-11-15,2027-04-15,349008.8,21084.62,157114.56,6123.52,527207.98,0,0,-2879352.64,0,0
MX00295,FLOW_FX_G10,UBS,IRS,FX,EUR,12521058,2024-01-15,2027-07-15,793365.12,15969.31,-76930.6,13790.02,732403.83,0,0,0,675097.02,0
MX00296,FLOW_FX_G10,CITIBANK,EQ_Option,FX,GBP,60030320,2024-01-15,2027-08-15,3909161.93,123428.8,-361627.92,207329.4,3670962.81,0,0,0,6075247.07,78038.11
MX00297,EQ_DELTA1_EU,CITIBANK,Bond,EQ,USD,74274930,2024-08-15,2027-01-15,-2206359.61,202953.18,-267370.24,20966.52,-2270776.67,0,0,-11651608.71,0,0
MX00298,EQ_DELTA1_EU,HSBC,Bond,EQ,GBP,33554055,2024-07-15,2027-05-15,-942881.32,78149.85,259902.45,131006.03,-604829.02,0,0,-2325254.93,0,0
MX00299,COM_ENERGY,JPMORGAN,IRS,EQ,USD,26707539,2024-12-15,2027-06-15,1290581.98,76963.5,-211534.67,108171.23,1156010.81,0,0,6311505.7,0,0
MX00300,FLOW_IR_EUR,JPMORGAN,Deposit,IR,EUR,27602547,2024-02-15,2027-03-15,297990.98,30423.63,164005.62,94204.64,492420.23,-534.12,-550.14,0,0,0
MX00301,FLOW_IR_USD,HSBC,Deposit,FX,GBP,37057911,2024-07-15,2027-07-15,1864873.32,31718.53,130142.05,119619.6,2026733.9,0,0,0,-1321753.77,0
MX00302,FLOW_IR_USD,JPMORGAN,FX_Forward,COM,USD,26127923,2024-08-15,2027-09-15,102202.65,55617.38,-237551.34,33849.09,-79731.31,0,0,0,0,0
MX00303,EQ_DELTA1_EU,BARCLAYS,EQ_Option,FX,USD,58688729,2024-11-15,2027-04-15,-253662.79,106978.34,-409049.82,69465.25,-555734.27,0,0,0,-4683671.5,62740.15
MX00304,COM_ENERGY,BARCLAYS,EQ_Option,EQ,EUR,15153969,2024-10-15,2027-01-15,830240.75,43843.16,56908.77,15675.47,930992.68,0,0,527934.36,0,17981.63
MX00305,EQ_DELTA1_EU,BARCLAYS,Deposit,FX,GBP,24674141,2024-03-15,2027-06-15,-669803.66,57042.85,-67371.84,38493.27,-680132.65,0,0,0,1338351.36,0
MX00306,FLOW_IR_EUR,CITIBANK,FX_Forward,COM,USD,83376667,2024-11-15,2027-11-15,1141553.1,183031.94,593273.05,285474.01,1917858.09,0,0,0,0,0
MX00307,COM_ENERGY,HSBC,COM_Swap,FX,USD,1519158,2024-12-15,2027-07-15,14026.96,4254.85,8496.5,3814,26778.31,0,0,0,-96855,0
MX00308,COM_ENERGY,BARCLAYS,FX_Forward,EQ,GBP,68650328,2024-01-15,2027-02-15,-2004392.69,67718.12,124334.14,112338.37,-1812340.43,0,0,-8289521.55,0,0
MX00309,COM_ENERGY,JPMORGAN,Deposit,FX,GBP,80429260,2024-10-15,2027-04-15,1224313.34,6987.27,-434620.7,98790.14,796679.91,0,0,0,6346713.91,0
MX00310,FLOW_IR_EUR,HSBC,FX_Forward,EQ,EUR,53136089,2024-02-15,2027-07-15,-371623.95,83946.03,-128129.66,82011.8,-415807.58,0,0,12166715.06,0,0
MX00311,FLOW_FX_G10,BARCLAYS,FX_Forward,IR,USD,18003863,2024-12-15,2027-01-15,875451.63,16006.53,156781.99,22573.11,1048240.15,482.05,496.51,0,0,0
MX00312,FLOW_FX_G10,UBS,FX_Forward,EQ,GBP,9510261,2024-05-15,2027-01-15,350707.62,10990,-77905.46,11362.21,283792.16,0,0,1633702.01,0,0
MX00313,EQ_DELTA1_EU,UBS,Bond,FX,USD,75055192,2024-08-15,2027-10-15,3641129.16,63697.63,166619.06,231794.28,3871445.85,0,0,0,-6551324.72,0
MX00314,EQ_DELTA1_EU,BARCLAYS,COM_Swap,FX,EUR,9006697,2024-10-15,2027-12-15,-19696.18,16677.42,-81187.92,38301.57,-84206.68,0,0,0,-872219.29,0
MX00315,FLOW_FX_G10,HSBC,COM_Swap,COM,GBP,3700759,2024-04-15,2027-02-15,58220.87,8338.33,-19028.6,17334.12,47530.6,0,0,0,0,0
MX00316,FLOW_IR_EUR,HSBC,COM_Swap,COM,GBP,24594073,2024-03-15,2027-02-15,-184466.21,67056.23,66138.69,46046.35,-51271.29,0,0,0,0,0
MX00317,FLOW_FX_G10,UBS,FX_Forward,FX,EUR,82272383,2024-12-15,2027-05-15,-70834.63,225462.21,143401.36,269923.69,298028.94,0,0,0,10108044.57,0
MX00318,FLOW_IR_EUR,UBS,IRS,COM,EUR,71140391,2024-07-15,2027-07-15,3964605.35,161040.64,-652372.34,85950.96,3473273.65,0,0,0,0,0
MX00319,FLOW_IR_EUR,CITIBANK,FX_Forward,COM,GBP,26275141,2024-01-15,2027-03-15,1622014.2,55278.23,32417.62,24424.68,1709710.05,0,0,0,0,0
MX00320,FLOW_IR_USD,UBS,Bond,IR,USD,13853989,2024-07-15,2027-06-15,647955.79,18314.87,126277.5,42966.69,792548.16,95.59,98.46,0,0,0
MX00321,FLOW_IR_EUR,BARCLAYS,Deposit,EQ,GBP,27375629,2024-08-15,2027-02-15,1182850.44,36208.31,-5340.82,71215.3,1213717.93,0,0,5655180.4,0,0
MX00322,COM_ENERGY,HSBC,EQ_Option,COM,GBP,73866137,2024-06-15,2027-05-15,2591487.42,131758.32,-5727.07,64124.15,2717518.67,0,0,0,0,4103.58
MX00323,COM_ENERGY,HSBC,FX_Forward,FX,USD,21653513,2024-09-15,2027-02-15,854507.64,61731.19,93180.28,27807.69,1009419.11,0,0,0,-1573427.44,0
MX00324,FLOW_IR_USD,UBS,Bond,IR,GBP,56402854,2024-05-15,2027-09-15,307483.15,111723.59,-135362.74,138025.65,283844,-1263.76,-1301.67,0,0,0
MX00325,FLOW_FX_G10,UBS,FX_Forward,COM,USD,96735749,2024-12-15,2027-06-15,4095157.77,70136.2,817921.37,262672.28,4983215.34,0,0,0,0,0
MX00326,COM_ENERGY,CITIBANK,COM_Swap,EQ,GBP,100808711,2024-03-15,2027-02-15,7036137.55,145547.67,4380.08,339386.08,7186065.3,0,0,-9033968.39,0,0
MX00327,FLOW_FX_G10,CITIBANK,IRS,FX,USD,5550994,2024-04-15,2027-07-15,152128.77,2006.38,-1990.46,15792.89,152144.69,0,0,0,232528.36,0
MX00328,FLOW_IR_EUR,BARCLAYS,Bond,IR,USD,5399821,2024-08-15,2027-10-15,216043.94,2447.77,-5625.81,1506.23,212865.9,2.2,2.27,0,0,0
MX00329,FLOW_IR_EUR,UBS,IRS,EQ,USD,54138105,2024-09-15,2027-03-15,-1015413.54,67423.5,219833.15,168081.09,-728156.89,0,0,2942296.37,0,0
MX00330,COM_ENERGY,HSBC,IRS,COM,USD,68784689,2024-03-15,2027-04-15,4369944.93,36014.07,224349.19,142469.56,4630308.19,0,0,0,0,0
MX00331,FLOW_IR_EUR,CITIBANK,FX_Forward,FX,EUR,80451772,2024-05-15,2027-12-15,339337.18,78951.08,88475.1,193845.98,506763.36,0,0,0,-1656473.98,0
MX00332,FLOW_FX_G10,UBS,FX_Forward,IR,GBP,33963058,2024-08-15,2027-04-15,917362.37,68064.45,-147546.2,18848.98,837880.62,566.62,583.62,0,0,0
MX00333,EQ_DELTA1_EU,BARCLAYS,Deposit,FX,GBP,52224643,2024-05-15,2027-02-15,328672.74,31212.14,-197979.91,5120.19,161904.97,0,0,0,4085158.77,0
MX00334,FLOW_IR_USD,JPMORGAN,Deposit,FX,USD,48032184,2024-05-15,2027-02-15,2322777.73,85869.09,-122024.96,25220.53,2286621.86,0,0,0,6570841.32,0
MX00335,FLOW_IR_USD,UBS,IRS,EQ,USD,45078583,2024-04-15,2027-12-15,-1127422.5,96760.85,13640.84,75476.58,-1017020.81,0,0,-5467838.95,0,0
MX00336,FLOW_IR_EUR,JPMORGAN,IRS,EQ,GBP,20759754,2024-04-15,2027-05-15,367073.15,27585.35,20281.09,35279.43,414939.59,0,0,-4002609.23,0,0
MX00337,EQ_DELTA1_EU,BARCLAYS,EQ_Option,COM,USD,72492837,2024-05-15,2027-05-15,-1121806.06,149401.34,-494115.28,187072.45,-1466520,0,0,0,0,38602
MX00338,FLOW_FX_G10,CITIBANK,FX_Forward,COM,GBP,95330071,2024-05-15,2027-02-15,-812475.8,258444.02,-930144.77,359593.28,-1484176.55,0,0,0,0,0
MX00339,COM_ENERGY,BARCLAYS,EQ_Option,EQ,GBP,82047721,2024-02-15,2027-08-15,-271159.58,146796.56,777665.09,370622.27,653302.07,0,0,-2888605.71,0,71272.78
MX00340,FLOW_IR_USD,UBS,FX_Forward,IR,EUR,58826968,2024-08-15,2027-10-15,735183.18,19892.88,292133.38,287050.22,1047209.44,-821.99,-846.65,0,0,0
MX00341,FLOW_IR_USD,JPMORGAN,EQ_Option,COM,USD,34466007,2024-10-15,2027-10-15,1172385.69,60986.99,-14953.14,116053.84,1218419.54,0,0,0,0,8666.3
MX00342,COM_ENERGY,CITIBANK,IRS,COM,GBP,5988398,2024-07-15,2027-07-15,228926.28,15954.87,11112.53,400.05,255993.68,0,0,0,0,0
MX00343,FLOW_IR_USD,JPMORGAN,EQ_Option,FX,USD,69420596,2024-05-15,2027-07-15,-43627.29,61229.18,-257184.12,221586.09,-239582.23,0,0,0,-10085629.75,22196.72
MX00344,FLOW_IR_EUR,BARCLAYS,IRS,COM,GBP,3986067,2024-02-15,2027-06-15,-116339.08,9681.71,36200.57,6090.74,-70456.8,0,0,0,0,0
MX00345,COM_ENERGY,CITIBANK,COM_Swap,IR,GBP,77307369,2024-09-15,2027-04-15,2385481.47,159118.98,620209.51,230453.02,3164809.96,3064.34,3156.27,0,0,0
MX00346,COM_ENERGY,BARCLAYS,COM_Swap,COM,EUR,52824469,2024-04-15,2027-03-15,442037.32,32240.37,81711.51,227411.32,555989.2,0,0,0,0,0
MX00347,FLOW_IR_USD,HSBC,COM_Swap,COM,EUR,17698142,2024-06-15,2027-08-15,717710.91,36061.61,96282.51,29088.17,850055.03,0,0,0,0,0
MX00348,COM_ENERGY,JPMORGAN,FX_Forward,COM,GBP,18692114,2024-06-15,2027-10-15,211458.29,24687.32,107742.46,15836.16,343888.07,0,0,0,0,0
MX00349,COM_ENERGY,JPMORGAN,COM_Swap,IR,GBP,93536737,2024-02-15,2027-03-15,4291181.91,263166.94,295938,103348.94,4850286.85,2206.32,2272.51,0,0,0
MX00350,FLOW_IR_USD,BARCLAYS,COM_Swap,COM,GBP,18971100,2024-06-15,2027-07-15,-528956.65,20099.77,-25075.81,665.59,-533932.69,0,0,0,0,0
MX00351,FLOW_FX_G10,JPMORGAN,FX_Forward,EQ,USD,46011217,2024-02-15,2027-02-15,2864577.89,138033.41,235273.58,167351.74,3237884.88,0,0,-6539566.02,0,0
MX00352,FLOW_IR_USD,CITIBANK,IRS,EQ,EUR,25128003,2024-06-15,2027-12-15,1661555.81,72631.29,222388.45,123293.05,1956575.55,0,0,-2390538.02,0,0
MX00353,EQ_DELTA1_EU,JPMORGAN,COM_Swap,EQ,USD,27245674,2024-05-15,2027-04-15,420737.33,66334.84,-132667.2,46173.65,354404.97,0,0,-2247023.38,0,0
MX00354,FLOW_IR_EUR,CITIBANK,IRS,EQ,EUR,77351551,2024-01-15,2027-08-15,3708724.57,25891.49,417792.61,158080.69,4152408.67,0,0,3879903.31,0,0
MX00355,FLOW_IR_USD,UBS,IRS,IR,USD,20041411,2024-01-15,2027-01-15,418769.85,59469.22,174626.19,73407.33,652865.26,632.36,651.33,0,0,0
MX00356,EQ_DELTA1_EU,UBS,Deposit,EQ,USD,84653094,2024-11-15,2027-08-15,4776347.39,51656.29,-70205.39,326292.86,4757798.29,0,0,-3188258.46,0,0
MX00357,FLOW_IR_USD,JPMORGAN,Deposit,FX,USD,92513779,2024-01-15,2027-01-15,2775785.09,63876.3,864985.99,45998,3704647.38,0,0,0,2197643.43,0
MX00358,FLOW_IR_USD,HSBC,COM_Swap,COM,USD,77925834,2024-09-15,2027-05-15,-222952.38,38733.7,-336142.15,257556.77,-520360.83,0,0,0,0,0
MX00359,FLOW_FX_G10,JPMORGAN,Bond,FX,USD,15879788,2024-01-15,2027-09-15,187945.34,46335.78,-25152.72,41276.51,209128.4,0,0,0,-982775.39,0
MX00360,FLOW_FX_G10,CITIBANK,Bond,COM,USD,26076054,2024-01-15,2027-11-15,-158304.75,76808.93,-106679.67,42651.14,-188175.49,0,0,0,0,0
MX00361,FLOW_IR_USD,UBS,FX_Forward,IR,GBP,14568842,2024-07-15,2027-04-15,408504.84,18320.15,-70218.37,5500.5,356606.62,356.6,367.3,0,0,0
MX00362,FLOW_IR_USD,HSBC,EQ_Option,EQ,USD,19482209,2024-11-15,2027-12-15,975667.81,42111.71,49703.2,67503.92,1067482.72,0,0,-4206081.26,0,1682.94
MX00363,EQ_DELTA1_EU,CITIBANK,COM_Swap,FX,USD,85394014,2024-08-15,2027-12-15,-2511554.66,18483.44,390819.43,299686.43,-2102251.79,0,0,0,3319450.64,0
MX00364,FLOW_IR_EUR,UBS,IRS,FX,GBP,11003013,2024-06-15,2027-05-15,66167.37,20043.55,-1987.54,29362.39,84223.38,0,0,0,-841981.61,0
MX00365,FLOW_IR_EUR,CITIBANK,Bond,IR,GBP,100370922,2024-10-15,2027-12-15,4196281.25,212546.85,-156160.85,413989.88,4252667.25,-2949.94,-3038.44,0,0,0
MX00366,FLOW_FX_G10,JPMORGAN,FX_Forward,EQ,GBP,29513675,2024-07-15,2027-07-15,-60993.67,38940.57,219865.65,124256.68,197812.55,0,0,-3305812.19,0,0
MX00367,FLOW_FX_G10,BARCLAYS,Deposit,FX,EUR,15091938,2024-09-15,2027-10-15,-335908.79,36633.23,50344.86,18644.41,-248930.7,0,0,0,2095659.15,0
MX00368,FLOW_FX_G10,CITIBANK,EQ_Option,EQ,EUR,66655983,2024-05-15,2027-01-15,192843.51,27650.97,-432595.64,222339.78,-212101.16,0,0,10124055.28,0,124533.52
MX00369,COM_ENERGY,UBS,FX_Forward,IR,EUR,8795005,2024-10-15,2027-09-15,-174230.29,3519.02,-38000.15,29707.78,-208711.42,156.97,161.68,0,0,0
MX00370,FLOW_FX_G10,JPMORGAN,Bond,COM,USD,100927826,2024-10-15,2027-09-15,4706835.27,76171.1,356600.28,28682.63,5139606.65,0,0,0,0,0
MX00371,FLOW_IR_USD,UBS,FX_Forward,EQ,USD,80519393,2024-01-15,2027-12-15,1931632.83,56732.17,48307.6,199834.63,2036672.6,0,0,-6860110.81,0,0
MX00372,COM_ENERGY,HSBC,EQ_Option,FX,GBP,87941005,2024-02-15,2027-04-15,-296989.78,152330.24,100016.81,68647.31,-44642.73,0,0,0,11206546.24,27705.74
MX00373,FLOW_FX_G10,CITIBANK,IRS,FX,GBP,29677521,2024-08-15,2027-11-15,-331813.68,24164.83,-39881.6,127190.59,-347530.45,0,0,0,3675332.1,0
MX00374,FLOW_IR_USD,UBS,Deposit,EQ,EUR,50984751,2024-07-15,2027-08-15,-1516521.77,93670.72,324484.12,150007.65,-1098366.93,0,0,1939285.29,0,0
MX00375,EQ_DELTA1_EU,BARCLAYS,FX_Forward,FX,USD,32643242,2024-10-15,2027-09-15,320558.03,10276.27,225884.33,116404.79,556718.63,0,0,0,2819166.14,0
MX00376,EQ_DELTA1_EU,BARCLAYS,EQ_Option,IR,USD,16971932,2024-08-15,2027-07-15,-259002.09,41312.47,34348.86,69109.65,-183340.76,486.73,501.33,0,0,20741.95
MX00377,FLOW_IR_EUR,JPMORGAN,IRS,IR,USD,77732331,2024-10-15,2027-02-15,1079571.75,82083.52,-108354.56,21218.76,1053300.71,-992.82,-1022.6,0,0,0
MX00378,FLOW_IR_EUR,HSBC,Bond,FX,USD,55428758,2024-07-15,2027-02-15,2738831.07,27469.48,-76759.49,119272.49,2689541.06,0,0,0,4313879.93,0
MX00379,EQ_DELTA1_EU,BARCLAYS,COM_Swap,COM,EUR,75969643,2024-07-15,2027-01-15,3990600.36,155578.34,-80219.49,207104.44,4065959.21,0,0,0,0,0
MX00380,FLOW_IR_EUR,BARCLAYS,Bond,EQ,USD,35976049,2024-09-15,2027-09-15,1545427.21,91568.47,-272258.7,163029.92,1364736.98,0,0,4934025.1,0,0
MX00381,FLOW_IR_EUR,BARCLAYS,FX_Forward,IR,USD,93880186,2024-02-15,2027-04-15,3975690.25,166527.24,73632.78,61244.06,4215850.27,2679.94,2760.34,0,0,0
MX00382,FLOW_FX_G10,CITIBANK,FX_Forward,EQ,EUR,5886254,2024-03-15,2027-07-15,7909.42,2827.61,-17127.56,24250.09,-6390.53,0,0,833195.51,0,0
MX00383,FLOW_IR_EUR,BARCLAYS,Deposit,IR,GBP,6063304,2024-06-15,2027-09-15,276013.79,3439.09,50706.24,22451.36,330159.12,175.88,181.16,0,0,0
MX00384,FLOW_IR_USD,UBS,Bond,FX,EUR,58994150,2024-01-15,2027-05-15,-804631.19,159566.02,347654.73,259197.23,-297410.44,0,0,0,387110.88,0
MX00385,FLOW_IR_USD,BARCLAYS,Bond,EQ,USD,18537069,2024-06-15,2027-01-15,689840.68,20981.05,70048.14,11160.99,780869.87,0,0,-371069.34,0,0
MX00386,COM_ENERGY,CITIBANK,Bond,COM,EUR,48517810,2024-01-15,2027-03-15,144187.19,64664.98,51567.39,240171.37,260419.56,0,0,0,0,0
MX00387,FLOW_FX_G10,UBS,COM_Swap,FX,USD,77316343,2024-11-15,2027-08-15,981026.88,11715.54,695459.42,174255.83,1688201.84,0,0,0,-1396954.9,0
MX00388,FLOW_FX_G10,BARCLAYS,EQ_Option,IR,USD,50730909,2024-06-15,2027-08-15,2523030.38,78221.01,34270.13,221724.35,2635521.52,-512.88,-528.27,0,0,75020.6
MX00389,EQ_DELTA1_EU,UBS,Deposit,IR,USD,14380509,2024-08-15,2027-05-15,617048.31,39821.9,59188.61,34787.52,716058.82,-175.92,-181.2,0,0,0
MX00390,FLOW_FX_G10,BARCLAYS,Deposit,FX,EUR,11415557,2024-05-15,2027-02-15,425788.73,17636.81,13500.21,44356.74,456925.75,0,0,0,-1600692,0
MX00391,FLOW_IR_USD,UBS,Bond,EQ,EUR,5419322,2024-03-15,2027-05-15,-130694.34,7944.3,-36700.01,26047.75,-159450.05,0,0,523625.17,0,0
MX00392,EQ_DELTA1_EU,HSBC,COM_Swap,IR,EUR,10838537,2024-05-15,2027-08-15,359753.86,26034.42,-14630.52,16592.18,371157.76,196.74,202.64,0,0,0
MX00393,EQ_DELTA1_EU,HSBC,IRS,EQ,EUR,53741816,2024-12-15,2027-04-15,1377679.39,114869.78,-83841.11,58641.41,1408708.06,0,0,12832224.16,0,0
MX00394,FLOW_IR_EUR,UBS,EQ_Option,COM,EUR,32057091,2024-01-15,2027-02-15,893687.82,77447.35,-264083.95,1364.96,707051.22,0,0,0,0,15168.18
MX00395,FLOW_FX_G10,UBS,FX_Forward,EQ,GBP,15067186,2024-04-15,2027-05-15,471914.17,40662.49,130089.23,68912.22,642665.89,0,0,968059.98,0,0
MX00396,FLOW_FX_G10,CITIBANK,IRS,IR,EUR,45202248,2024-04-15,2027-01-15,482424.15,70527.72,362163.61,126503.53,915115.48,-232.71,-239.69,0,0,0
MX00397,FLOW_FX_G10,UBS,IRS,IR,EUR,58941183,2024-11-15,2027-08-15,-1204161.69,81004.37,-403119.86,234734.85,-1526277.18,1888.36,1945.01,0,0,0
MX00398,EQ_DELTA1_EU,JPMORGAN,IRS,COM,GBP,19033256,2024-08-15,2027-08-15,-395080.02,29505.9,-58759.73,60778.26,-424333.85,0,0,0,0,0
MX00399,EQ_DELTA1_EU,UBS,EQ_Option,COM,USD,90072914,2024-07-15,2027-05-15,5707634.55,262426.37,-776799.38,245409.23,5193261.54,0,0,0,0,22277.44
MX00400,EQ_DELTA1_EU,CITIBANK,EQ_Option,COM,EUR,49808547,2024-09-15,2027-09-15,1104730.77,109886.67,329952.59,211007.17,1544570.03,0,0,0,0,65084.28
MX00401,COM_ENERGY,HSBC,COM_Swap,IR,EUR,70238123,2024-12-15,2027-01-15,-566692.29,18064.72,-213082.82,206636.45,-761710.39,-1148,-1182.44,0,0,0
MX00402,FLOW_IR_USD,UBS,Bond,IR,EUR,21682325,2024-02-15,2027-04-15,386353.76,4305.49,-81682.67,36203.38,308976.58,449.61,463.1,0,0,0
MX00403,FLOW_IR_EUR,UBS,IRS,IR,EUR,44750096,2024-05-15,2027-07-15,3011920.5,42785.58,391138.09,15102.56,3445844.17,1493.86,1538.68,0,0,0
MX00404,FLOW_IR_USD,HSBC,FX_Forward,COM,GBP,32636004,2024-06-15,2027-03-15,1656677.95,70289.82,47444.43,98601.65,1774412.2,0,0,0,0,0
MX00405,FLOW_IR_USD,HSBC,IRS,IR,USD,36856188,2024-04-15,2027-12-15,959410.4,103352.23,254237.31,163546.81,1316999.94,-1356.29,-1396.98,0,0,0
MX00406,EQ_DELTA1_EU,CITIBANK,FX_Forward,IR,GBP,32987649,2024-06-15,2027-06-15,2145746.83,16872.7,-301437.3,94863.21,1861182.23,-722.94,-744.63,0,0,0
MX00407,FLOW_IR_EUR,HSBC,COM_Swap,EQ,EUR,73240356,2024-06-15,2027-12-15,-1453494.18,124420.63,-172977.22,345246.37,-1502050.77,0,0,4456193.14,0,0
MX00408,EQ_DELTA1_EU,JPMORGAN,FX_Forward,COM,USD,14955304,2024-06-15,2027-09-15,1023256.79,40159.6,-47702.6,31942.88,1015713.79,0,0,0,0,0
MX00409,FLOW_FX_G10,JPMORGAN,COM_Swap,COM,EUR,23411031,2024-11-15,2027-09-15,715007.8,21982.33,-25344,45270.59,711646.13,0,0,0,0,0
MX00410,EQ_DELTA1_EU,HSBC,Deposit,FX,EUR,57241657,2024-11-15,2027-07-15,-1106750.07,95114.76,128235.77,137100.22,-883399.54,0,0,0,-6569160.75,0
MX00411,FLOW_IR_USD,BARCLAYS,Deposit,EQ,EUR,17040940,2024-09-15,2027-06-15,-161746.15,14490.46,47332.43,68292.47,-99923.26,0,0,-2073340.64,0,0
MX00412,FLOW_IR_EUR,BARCLAYS,Deposit,FX,USD,53329452,2024-01-15,2027-05-15,489250.99,124976.4,348902.1,54020.45,963129.49,0,0,0,-6629930.61,0
MX00413,FLOW_IR_EUR,HSBC,COM_Swap,IR,EUR,46000438,2024-08-15,2027-04-15,2695107.94,3710.05,429576.88,82986.54,3128394.87,851.21,876.75,0,0,0
MX00414,FLOW_IR_EUR,CITIBANK,FX_Forward,EQ,USD,43922549,2024-04-15,2027-08-15,-868818.43,101364.94,-144471.72,65286.44,-911925.21,0,0,5535363.33,0,0
MX00415,FLOW_FX_G10,HSBC,COM_Swap,IR,EUR,63425252,2024-08-15,2027-09-15,1968581.58,33360.72,-179974.19,128130.82,1821968.11,-580.12,-597.52,0,0,0
MX00416,FLOW_IR_EUR,JPMORGAN,IRS,IR,GBP,69405765,2024-05-15,2027-07-15,1935799.11,39940.57,-571477.04,76681.07,1404262.64,-1147.6,-1182.03,0,0,0
MX00417,FLOW_IR_EUR,BARCLAYS,EQ_Option,IR,EUR,60745904,2024-04-15,2027-08-15,3486126.11,48311.87,-290747.02,109723.11,3243690.96,219.64,226.23,0,0,94363.15
MX00418,FLOW_FX_G10,UBS,FX_Forward,EQ,USD,34823210,2024-03-15,2027-10-15,-991489.79,86927.28,-343322.51,137526.6,-1247885.02,0,0,-7837930.16,0,0
MX00419,COM_ENERGY,CITIBANK,Bond,FX,EUR,1090425,2024-10-15,2027-08-15,-1582.67,1706.46,1753.89,1429.44,1877.68,0,0,0,-151107.72,0
MX00420,FLOW_IR_EUR,UBS,COM_Swap,FX,USD,28077671,2024-04-15,2027-11-15,1438342.55,1764.86,185780.72,86069.82,1625888.13,0,0,0,3417207.24,0
MX00421,FLOW_FX_G10,BARCLAYS,IRS,EQ,USD,51825505,2024-04-15,2027-06-15,2348370.36,68399.75,303842.56,50472.26,2720612.67,0,0,-7634089.26,0,0
MX00422,FLOW_IR_USD,CITIBANK,FX_Forward,FX,GBP,53181163,2024-04-15,2027-09-15,779161.01,117660.25,507569.57,207389.78,1404390.83,0,0,0,-299243.56,0
MX00423,FLOW_IR_EUR,JPMORGAN,FX_Forward,FX,GBP,6357311,2024-05-15,2027-04-15,-127632.19,1945.63,8180.57,3207.84,-117505.99,0,0,0,-438700.92,0
MX00424,COM_ENERGY,JPMORGAN,IRS,COM,USD,42219473,2024-07-15,2027-04-15,1839493.76,38229.06,94262.53,99805.42,1971985.35,0,0,0,0,0
MX00425,FLOW_IR_USD,UBS,FX_Forward,EQ,USD,14888726,2024-11-15,2027-09-15,-265439.14,16793.34,-119323.16,9814.36,-367968.96,0,0,-3479594.15,0,0
MX00426,FLOW_FX_G10,CITIBANK,Deposit,IR,EUR,68894851,2024-06-15,2027-11-15,552699.56,4470.76,403258.24,146225.48,960428.56,1012.47,1042.84,0,0,0
MX00427,FLOW_FX_G10,JPMORGAN,FX_Forward,COM,GBP,49266760,2024-09-15,2027-01-15,-1066226,96837.52,-295841.95,179600.77,-1265230.43,0,0,0,0,0
MX00428,EQ_DELTA1_EU,UBS,Deposit,IR,EUR,9124185,2024-07-15,2027-06-15,22659.2,4902.7,-2393.3,44944.27,25168.6,60.25,62.06,0,0,0
MX00429,EQ_DELTA1_EU,BARCLAYS,Deposit,EQ,EUR,16567195,2024-11-15,2027-11-15,368131.25,17520.08,-134016.22,76021.96,251635.11,0,0,-1108646.1,0,0
MX00430,FLOW_IR_USD,UBS,FX_Forward,COM,EUR,73430842,2024-05-15,2027-10-15,-1467430.43,151732.8,564755.92,27231.71,-750941.71,0,0,0,0,0
MX00431,COM_ENERGY,UBS,Deposit,FX,EUR,55972720,2024-03-15,2027-06-15,320226.04,158274.5,-293916.41,131665.8,184584.13,0,0,0,-5232842.9,0
MX00432,EQ_DELTA1_EU,CITIBANK,IRS,FX,GBP,59948210,2024-04-15,2027-10-15,-725107.02,23236.85,-476865.58,195605.08,-1178735.75,0,0,0,-2620246.35,0
MX00433,FLOW_IR_EUR,CITIBANK,Bond,COM,EUR,50726839,2024-03-15,2027-11-15,2623489.86,106640.07,12008.94,172154.6,2742138.87,0,0,0,0,0
MX00434,EQ_DELTA1_EU,BARCLAYS,EQ_Option,EQ,GBP,34450975,2024-06-15,2027-08-15,1536242.8,4492.7,242179.41,52933.97,1782914.91,0,0,-4232413.53,0,64037.53
MX00435,EQ_DELTA1_EU,UBS,COM_Swap,IR,USD,20775791,2024-01-15,2027-10-15,983908.77,2677.83,-184467,52874.41,802119.6,-266.48,-274.47,0,0,0
MX00436,FLOW_IR_USD,BARCLAYS,FX_Forward,IR,EUR,90530026,2024-10-15,2027-07-15,533496.18,37698.81,754237.79,269753.14,1325432.78,-1660.41,-1710.22,0,0,0
MX00437,COM_ENERGY,JPMORGAN,FX_Forward,FX,USD,14541081,2024-11-15,2027-09-15,78390.58,20578.31,124751.14,27089.54,223720.03,0,0,0,1783538.36,0
MX00438,FLOW_IR_USD,BARCLAYS,EQ_Option,IR,GBP,49263034,2024-04-15,2027-10-15,1711059.51,29948.26,220537.13,84542.64,1961544.9,261.66,269.51,0,0,35241.3
MX00439,FLOW_IR_EUR,UBS,Bond,FX,GBP,30972482,2024-02-15,2027-12-15,1082098.83,9434.85,-31608.49,124354.91,1059925.19,0,0,0,4025136.5,0
MX00440,EQ_DELTA1_EU,JPMORGAN,COM_Swap,IR,EUR,27465106,2024-05-15,2027-07-15,-382223.37,55358.81,-229411.14,41490.6,-556275.7,-633.87,-652.89,0,0,0
MX00441,FLOW_IR_EUR,BARCLAYS,IRS,COM,EUR,97279446,2024-11-15,2027-11-15,5812715.38,219266.37,282646.93,418174.97,6314628.68,0,0,0,0,0
MX00442,EQ_DELTA1_EU,JPMORGAN,Bond,FX,EUR,24262516,2024-02-15,2027-06-15,258611.64,37464.98,-121121.07,54750.3,174955.55,0,0,0,-710655.96,0
MX00443,FLOW_IR_EUR,JPMORGAN,Bond,COM,EUR,68081990,2024-02-15,2027-10-15,-1361565.57,180792.54,-379556.73,205990.48,-1560329.76,0,0,0,0,0
MX00444,FLOW_IR_EUR,UBS,COM_Swap,FX,EUR,85731847,2024-04-15,2027-07-15,5405868.64,215651.05,-356877.72,396436.36,5264641.97,0,0,0,7135231.37,0
MX00445,FLOW_IR_EUR,BARCLAYS,Deposit,FX,EUR,35937098,2024-01-15,2027-09-15,2460783.54,67933.68,-6926.85,165812.35,2521790.37,0,0,0,-4690183.3,0
MX00446,COM_ENERGY,CITIBANK,Bond,FX,EUR,67325302,2024-04-15,2027-12-15,1629038.5,83244.05,-336560.11,138234.37,1375722.44,0,0,0,-1982159.52,0
MX00447,FLOW_FX_G10,HSBC,Deposit,FX,EUR,65168989,2024-10-15,2027-03-15,613451.82,45515.55,-22160.33,244487.6,636807.04,0,0,0,-7771005.01,0
MX00448,EQ_DELTA1_EU,BARCLAYS,Bond,COM,USD,24776165,2024-02-15,2027-11-15,540360.38,47538.95,109980.1,18886.3,697879.43,0,0,0,0,0
MX00449,FLOW_IR_EUR,UBS,COM_Swap,FX,EUR,43560212,2024-10-15,2027-07-15,1371834.29,103773.9,73294.95,181435.3,1548903.14,0,0,0,-129011.7,0
MX00450,FLOW_IR_EUR,UBS,IRS,COM,EUR,10753224,2024-08-15,2027-03-15,627856.53,18193.13,-43581.24,34456.47,602468.42,0,0,0,0,0
MX00451,COM_ENERGY,UBS,EQ_Option,EQ,GBP,100893517,2024-03-15,2027-03-15,1120504.93,287976.95,-777436.5,14576.52,631045.38,0,0,5920590.83,0,163628.39
MX00452,FLOW_IR_EUR,JPMORGAN,FX_Forward,FX,GBP,58540850,2024-06-15,2027-07-15,-349393.49,93888.69,216803.05,183246.26,-38701.75,0,0,0,395895.77,0
MX00453,FLOW_IR_EUR,BARCLAYS,Bond,IR,EUR,49941162,2024-02-15,2027-06-15,3318820.96,25575.55,24111.28,44376.86,3368507.79,1281.78,1320.23,0,0,0
MX00454,FLOW_IR_USD,JPMORGAN,Deposit,EQ,GBP,63463283,2024-07-15,2027-02-15,-1350821.9,5357.66,-2544.94,129163.54,-1348009.18,0,0,-2508878.21,0,0
MX00455,EQ_DELTA1_EU,UBS,Deposit,COM,GBP,67427643,2024-06-15,2027-11-15,1659835.73,17900.63,-51208.03,150805.85,1626528.33,0,0,0,0,0
MX00456,EQ_DELTA1_EU,CITIBANK,Deposit,COM,EUR,21067489,2024-09-15,2027-06-15,1253277.04,36129.24,-111213.15,759.86,1178193.13,0,0,0,0,0
MX00457,COM_ENERGY,UBS,IRS,FX,GBP,86051590,2024-12-15,2027-07-15,-2025829.09,45992.3,-546438.86,208932.21,-2526275.65,0,0,0,11418537.3,0
MX00458,FLOW_FX_G10,JPMORGAN,FX_Forward,EQ,EUR,87434823,2024-12-15,2027-07-15,-2329760.6,3099.48,-261382.75,198206.84,-2588043.87,0,0,-19881985.26,0,0
MX00459,FLOW_FX_G10,CITIBANK,FX_Forward,EQ,GBP,43218235,2024-06-15,2027-09-15,381181.99,55781.49,222438.13,212223.15,659401.61,0,0,-10052217.21,0,0
MX00460,COM_ENERGY,UBS,COM_Swap,EQ,EUR,44616435,2024-11-15,2027-11-15,1426733.09,17705.92,-24073.28,134800.39,1420365.73,0,0,-5104029.8,0,0
MX00461,EQ_DELTA1_EU,HSBC,COM_Swap,FX,EUR,59086895,2024-12-15,2027-04-15,19066.65,78738.76,343500.72,116218.48,441306.13,0,0,0,4304544.59,0
MX00462,FLOW_IR_EUR,HSBC,COM_Swap,COM,EUR,69018299,2024-05-15,2027-09-15,-1448859.41,101248.31,625981.97,38407.8,-721629.13,0,0,0,0,0
MX00463,EQ_DELTA1_EU,JPMORGAN,FX_Forward,EQ,EUR,36978506,2024-10-15,2027-04-15,2482127.38,92696.34,85503,87340.4,2660326.72,0,0,2527416.01,0,0
MX00464,COM_ENERGY,HSBC,FX_Forward,EQ,EUR,16756030,2024-11-15,2027-10-15,-186490.94,25905.52,67605.72,73945.64,-92979.7,0,0,2038334.69,0,0
MX00465,FLOW_FX_G10,CITIBANK,FX_Forward,EQ,USD,53791735,2024-12-15,2027-06-15,-134041.29,28644.56,-213309.53,261135.09,-318706.26,0,0,541319.26,0,0
MX00466,FLOW_IR_USD,CITIBANK,Deposit,IR,EUR,13990180,2024-05-15,2027-03-15,-46361.81,26667.39,76286.76,8205.24,56592.34,493.89,508.71,0,0,0
MX00467,FLOW_FX_G10,JPMORGAN,Bond,IR,EUR,76561365,2024-10-15,2027-06-15,-165727,188563.1,-38819.51,144086.29,-15983.41,409.13,421.4,0,0,0
MX00468,FLOW_FX_G10,JPMORGAN,Bond,COM,EUR,43372236,2024-03-15,2027-12-15,-811912.38,55956.94,238710.53,76733.54,-517244.91,0,0,0,0,0
MX00469,FLOW_IR_EUR,JPMORGAN,EQ_Option,EQ,EUR,84756033,2024-09-15,2027-03-15,3989578.54,32037.31,-484465.89,328022.18,3537149.96,0,0,-19885054.38,0,83350.58
MX00470,FLOW_IR_USD,JPMORGAN,Bond,EQ,USD,17994644,2024-09-15,2027-02-15,-184009.28,3427.51,-111393.36,54806.82,-291975.13,0,0,-3112715.27,0,0
MX00471,FLOW_IR_EUR,BARCLAYS,Bond,IR,EUR,81083977,2024-10-15,2027-05-15,3365762.61,227407.47,522521.2,43646.47,4115691.28,99.85,102.85,0,0,0
MX00472,FLOW_IR_USD,BARCLAYS,FX_Forward,COM,USD,21277887,2024-02-15,2027-05-15,1278726.8,57736.36,-115859.43,76322.82,1220603.73,0,0,0,0,0
MX00473,EQ_DELTA1_EU,CITIBANK,EQ_Option,IR,GBP,65503244,2024-02-15,2027-05-15,3712047.8,59111.15,-568772.37,262269.57,3202386.58,-677.94,-698.28,0,0,115729.1
MX00474,EQ_DELTA1_EU,UBS,IRS,COM,USD,74158928,2024-10-15,2027-02-15,-1599278.54,164452.08,-414570.42,326462.23,-1849396.88,0,0,0,0,0
MX00475,FLOW_IR_USD,CITIBANK,EQ_Option,FX,EUR,10993499,2024-11-15,2027-06-15,481940.36,18632.21,48801.35,52561.04,549373.92,0,0,0,-1214113.91,10758.8
MX00476,EQ_DELTA1_EU,UBS,COM_Swap,COM,USD,81389076,2024-05-15,2027-05-15,-455943.47,29374.88,-441680.3,297111.25,-868248.89,0,0,0,0,0
MX00477,FLOW_IR_EUR,CITIBANK,FX_Forward,IR,USD,6677072,2024-07-15,2027-09-15,-57151.94,2954.47,-17425.4,9028.65,-71622.87,-137.55,-141.68,0,0,0
MX00478,FLOW_FX_G10,BARCLAYS,COM_Swap,IR,USD,13684528,2024-05-15,2027-03-15,-248217.56,6546.17,10610.9,24798.86,-231060.49,293.74,302.55,0,0,0
MX00479,FLOW_IR_EUR,BARCLAYS,Bond,FX,USD,44144278,2024-01-15,2027-02-15,-1193934.59,83066,-76698.74,71431.42,-1187567.33,0,0,0,3434448.98,0
MX00480,COM_ENERGY,HSBC,Deposit,EQ,EUR,38896656,2024-02-15,2027-12-15,1786580.37,89615.06,-200397.65,140637.39,1675797.78,0,0,-5109520.78,0,0
MX00481,COM_ENERGY,JPMORGAN,IRS,EQ,GBP,7553641,2024-02-15,2027-03-15,16804.4,7880.68,-24524.95,10831.94,160.13,0,0,-1720281.4,0,0
MX00482,EQ_DELTA1_EU,HSBC,IRS,EQ,GBP,6846548,2024-01-15,2027-03-15,103457.65,15777.12,4084.45,2039.99,123319.22,0,0,1549906.98,0,0
MX00483,FLOW_IR_USD,JPMORGAN,Bond,IR,GBP,16249919,2024-09-15,2027-11-15,-469537.13,17120.75,121039.12,10715.32,-331377.26,473.29,487.49,0,0,0
MX00484,EQ_DELTA1_EU,HSBC,IRS,COM,GBP,10280324,2024-03-15,2027-07-15,384541.73,19603.82,67626.59,46263.24,471772.14,0,0,0,0,0
MX00485,FLOW_IR_EUR,JPMORGAN,FX_Forward,IR,GBP,50557013,2024-09-15,2027-06-15,3136195.79,139919.62,13966.36,231859.08,3290081.77,311.46,320.8,0,0,0
MX00486,FLOW_IR_USD,CITIBANK,FX_Forward,FX,GBP,21894522,2024-05-15,2027-12-15,796923.74,50379.69,148189.94,72614.14,995493.37,0,0,0,1638301.54,0
MX00487,COM_ENERGY,HSBC,COM_Swap,FX,EUR,11390931,2024-11-15,2027-02-15,383537.71,4857.54,-107270.96,13136.34,281124.29,0,0,0,1380033.83,0
MX00488,FLOW_FX_G10,BARCLAYS,EQ_Option,IR,USD,44957246,2024-11-15,2027-07-15,185117.51,44237.36,185733.68,136741.95,415088.55,-1309.71,-1349,0,0,19192.7
MX00489,EQ_DELTA1_EU,JPMORGAN,Deposit,IR,EUR,95755423,2024-09-15,2027-05-15,4572784.65,185113.25,2959.41,365420.92,4760857.31,-1259.48,-1297.26,0,0,0
MX00490,EQ_DELTA1_EU,BARCLAYS,EQ_Option,FX,EUR,10158909,2024-07-15,2027-09-15,584117.17,22449.85,18784.48,37064.43,625351.5,0,0,0,879652.3,103.46
MX00491,FLOW_IR_EUR,HSBC,Bond,FX,USD,83462309,2024-10-15,2027-04-15,1551059.53,179448.1,579847.9,273907.85,2310355.53,0,0,0,3742209.84,0
MX00492,FLOW_IR_USD,UBS,IRS,IR,GBP,61236588,2024-03-15,2027-06-15,3145934.46,162910.68,194307.04,203475.09,3503152.18,-1923.83,-1981.54,0,0,0
MX00493,FLOW_IR_EUR,BARCLAYS,Deposit,FX,USD,24578463,2024-07-15,2027-06-15,-227504.51,32991.53,150250.46,105939.67,-44262.52,0,0,0,2959333.92,0
MX00494,FLOW_IR_EUR,BARCLAYS,Deposit,EQ,USD,60500020,2024-06-15,2027-03-15,-1370504.16,113433.53,489817.23,70488.39,-767253.4,0,0,-2217009.63,0,0
MX00495,FLOW_IR_USD,HSBC,EQ_Option,FX,GBP,53526285,2024-02-15,2027-08-15,3219189.08,25517.61,75940.1,157413.53,3320646.79,0,0,0,-8013391.36,7585.23
MX00496,COM_ENERGY,UBS,EQ_Option,FX,GBP,27206967,2024-06-15,2027-11-15,307795.1,76951.59,111570.72,109773.45,496317.41,0,0,0,-2199422.41,48851.19
MX00497,EQ_DELTA1_EU,UBS,FX_Forward,FX,USD,90480127,2024-06-15,2027-12-15,-1484866.42,137255.48,80937.42,397075.9,-1266673.52,0,0,0,7026870.04,0
MX00498,FLOW_IR_EUR,HSBC,Bond,COM,EUR,22798812,2024-09-15,2027-06-15,285325.56,20047.97,94927.21,75051.63,400300.74,0,0,0,0,0
MX00499,FLOW_FX_G10,UBS,FX_Forward,COM,EUR,1626884,2024-03-15,2027-12-15,-3830.62,2734.95,-14355.85,3135.95,-15451.52,0,0,0,0,0
MX00500,FLOW_FX_G10,UBS,EQ_Option,IR,EUR,14726773,2024-08-15,2027-12-15,971019.28,25694,57012.21,28233.63,1053725.49,-402.95,-415.04,0,0,3903.08